Aamodt,,Tor,815888
Aaron,,Jane,1678751
Abaci,,Uygar,1616463
Abdelmagid,,Walid,2270247
Abdul-Mageed,,Muhammad,2382799
Abe,,Masumi,2281538
Abedi,,Amir,107036
Abedinifard,,Mostafa,2447346
Abelev,,Maxim,1153806
Abello,,Juan,2488161
Abraham,,Ninan,312406
Abrutyn,,Seth,2345012
Abugharbieh,,Rafeef,964957
Accili,,Eric,893789
Acheson,,Alison,363795
Ackerman,,Paige,914579
Acton,,Donald,65571
Adam,,Gyenge,2332854
Adams,,Keith,816407
Adamson,,Martin,322426
Addison,,Chris,1523571
Adebar,,Perry,43743
Adler,,Andrew,21110
Adshade,,Marina,1844857
Adu,,Prince,2690198
Affleck,,Ian,1751917
Affolder,,Natasha,774487
Afsahi,,Afsoun,1903266
Agarwal,,Isha,2540551
Agharebparast,,Farshid,1457239
Agudo,Gonzalez,David,2403718
Aguilar,Lara,Jose,1791222
Agurto,,Marcos,1302102
Ahenakew,,Cash,2078332
Ahern,,Chris,1302736
Ahmad,,Rana,1072552
Ahmadieh,,Arman,1857929
Ahmed,,Rumee,1747383
Ahrestani,,Persis,1731844
Aidelbaum,,Martin,1563236
Aiello,,William,1672812
Aijazi,,Omer,2240533
Aiken,,Nevin,1455474
Aitken,,Sally,314406
Ajdari,,Kamyar,535492
Aje,,Susu,1178376
Akbar,,Mohammed,1619911
Akhavan,,Abbas,1326660
Akhtar,,Yasmin,643638
Aknin,,Lara,1581360
Al-Darbi,,Muhannad,973752
Al-Kassim,,Dina,1678765
Alaiz Losada,,Susana,498199
Alam,,Matiul,1495529
Albarran Caselles,,Olga,1832669
Alden,,Lynn,55131
Aldrich,,John,1699020
Aleem,,Usman,2152481
Alexander,,Alyssa,2714355
Alexis,,Guigue,1669578
Alfantazi,,Akram,89707
Alfieri,,Antonio,2527444
Algar,,Russ,2259771
Alger,,Justin,2223295
Alhomiedan,,Hamad,2370970
Ali,,Khawaja Faran,1529536
Alifa,,Bandani,2699513
Alila,,Younes,587759
Alimohammadi,,Majid,487809
Alimov,,Aziz,2199509
Aliniaiefard,,Farid,2578543
Alisharan,,Steve,466613
Alissa,,Reem,1884572
Alizadeh-Pasdar,,Nooshin,313978
Allard,,Jun,1325174
Allegretti,,Dylan,2659788
Allen,,Susan,108607
Allen,,Nathan,1686305
Allen,,Kevin,1691422
Allen,,Meghan,1009022
Alnuweiri,,Hussein,257388
Aloni,,Erez,2674118
Alpert,,Elaine,1388191
Alpert,,Hannah,2518299
Altintas,,Yusuf,2104715
Altman,,Jonas,2355251
Altow,,Debby,1366718
Altshuler,,Douglas,1753836
Alvarez,,Alejandro,696549
Alvarez,,Henri,863562
Alvarez Moreno,,Raul ,2044710
Alvarez-Jaimes,,Javier,1656057
Alviarez,,Vanessa,2176772
Ameli,,Ali,1491996
Amiri,K,Amin,2243950
Amlani,,Alym,2190282
Amundson,,Norman,226413
Anasavarapu,,Srikantha,1272564
Anchors,,Zach,1108619
Andersen,,Joceline,2295075
Anderson,,Scott,331077
Anderson-Dargatz,,Gail,1808674
Andres,,Sebastien,1326572
Andres,,Lesley,967086
Andrews,,Thomas,2546950
Angel,,Omer,460083
Angela,,Redish,1615663
Angeles,,Leonora,210855
Anger,,Suzy,223073
Anjos,,Luciano,785225
Ansa Goicoechea,,Elixabete,1576425
Anstee,,Richard,24293
Ante,,Richard,942579
Antweiler,,Werner,213201
Antwi,,Phanuel,2095348
Ao,,Weiwei,1967457
Aparicio,,Jose,1083967
Appelt,,Kirstin,2097126
Aquash,,Mark,1705639
Aquino,,Karl,793790
Arasanipalai Kandhadai,,Priya,1751536
Arbel,,Daphna,316882
Arbel,,Efrat,1876567
Arcese,,Peter,581987
Arcila-Maya,,Niny,2687451
Arduini,,Andrea,2211034
Arefin,Rafi,Mohammed,2618828
Armitage,,Neil,2126587
Armoskaite,,Solveiga,1127629
Armstrong,,Karen,847194
Armstrong,,Heather,2275096
Arneil,,Barbara,30062
Arnett,,Christopher,2198589
Arnovick,,Leslie,195967
Arora,,Kamal,2330797
Aruliah,,Dhavide,2404608
Arvan,,Marcus,1146593
Asaee,,Rasoul,2286457
Ascher,,Uri,47304
Asgarli,,Shamil,2552090
Asgharzadeh,Mohammad,Seyed,2594584
Ashok,,Kotwal,1733567
Ashton,,Clayton ,2044081
Ashton-James,,Claire,1040182
Askari,,Nasrin,1882782
Askarzadeh,Bellal,Alii,2637821
Assanand,,Sunaina,571516
Asselin,,Edouard,2042245
Atabaki,,Nima,1059562
Atighechi,,Hamid,2180271
Attewell,,Wesley,1027197
Atwal,,Perry,1292996
AUGER-METHE,,MARIE,2450264
Auld,,Vanessa,74515
Austin,,Philip,2646583
Austin,,Phil,49125
Averitt-Hubbard,,Sally,2679003
Avery,,Lisa,2075132
Aviles,,Leticia,407732
Avramidis,,Stavros,767988
Awad,,Ahmed,2163462
Aydede,,Murat,1092127
Aylward,,Travis,465422
Azaron,,Amir,2581181
Aziz,,Arslan,2589713
Babel,,Molly,1571576
Babiak,,Peter,55248
Bablitz,,Leanne,77781
Bacca,,Sonia,1813067
Bacca,,Mattia,2291649
Bach,,Samuel,2332585
Bachmann,,Sven,2369689
Bacsfalvi,,Penelope,1454301
Bade,,Nate,2178825
Bade,,Nathaniel,2305536
Badir,,Patricia,80623
Baer,,Ursula,927792
Baere,De,Bart,2248571
Bagheri,,Mehdi,1999508
Bagherzadeh,,Alireza,2084979
Bahi,,Ardeshir,2445419
Bahman,,Najarian,1564328
Bahreini,Fard,Amir,2577669
Baier,,Nico,2607326
Baier,,Gerald,224072
Baik,Kyeong,Min,2620817
Bailey,,Alison,34186
Bailey,,Elisabeth,2646934
Baillie,,Traci,1063237
Bain,,Amelia,1475023
Baines,,Erin,240135
Bakan,,Joel,218792
Baker,,Donald,434503
Bakker,,Karen,104199
Balaghi,,Rayan,2722840
Baldauf,,Markus,2194226
Balka,,Richard,2042623
Ballagh,,Irene,2572257
Ballarin,,Roberta,1787728
Balmforth,,Neil,961859
Balotskiy,,Aleksey,2381532
Baloy,,Natalie,1490134
Banack,,Clark,1460760
Banet,,Mandy,1697938
Baniassad,,Elisa,1956296
Barbara,,Casson,1594765
Barbieri,,Sebastian,2384389
Barcsay,,Katherine,1090417
Barenscott,,Dorothy,866346
Barichello,,Rick,58681
Barichello,,Richard,2154347
Barker,,John,34390
Barker,,Megan,1907694
Barnes,,Barry,1010253
Barnes,,Kay,2153173
Barnes,,Steven,1100913
Barnes,,Trevor,28748
Baron,,Andrew,1481954
Barr,,Peter,36840
Barr,,Susan,344291
Barreto,,Jamille,1733267
Barroso de Freitas,,Nuno,2335181
Barry,M.,Anna,1951936
Barter,,Shane,958425
Bartha,,Paul,61315
Bartlett,,Nicholas,2399454
Bartock,,Pamela,2385811
Bartolic,,Silvia,1032706
Barton,,James,30766
Bascou de Vallarino,,Sylvia,610350
Bascou Vallarino,,Sylvia,1605343
Bashashati,,Ali,647470
Bass,,John,315191
Basto da Silva,,Rui Jorge,2037468
Bates,,Gordon,24794
Bates,,Frances,42333
Bates,,Simon,1799777
Baum,,Bruce,104854
Baumgartner,,Michael,1111657
Baumvol,,Laura,2502520
Bawa,,Nirmal,874240
Baxter,,Gisele Marie,57667
Baylis,,Patrick,2377536
Beales,,Meredith,2335768
Beare,,David,1024748
Bears,,Heather,927651
Beasley-Murray,,Jon,398316
Beattie,James,William,1860812
Beatty,,Tom,112755
Beatty,,John,319705
Beauchamp,,Mark,1872629
Beauchesne,,Kim,1747864
Beaudry,,Paul,61159
Beausoleil,,Emily,1620596
Beauvais,,Edana,2028249
Beaver,,Dwayne,1972520
Bebamzadeh,,Armin,1504839
Beckie,,Roger,563978
Bedke,,Matthew,1326327
Bedo,Alan,Burt,2651986
Begley,,Joy,1075065
Behrend,,Kai,93778
Beith,,Don,2142543
Bekkering,,Denis,1264925
Belardetti,,Francesco,1858645
Belcourt,,Billy-Ray,2605758
Belk,,Ed,2504050
Bellefleur,,Timothy,2457025
Belleville,,Patrice,9170
Belter,,Janelle,968895
Bemmels,,Brian,2377618
Bena,,Jan,1453277
Benavente,,Oscar,2568689
Benbasat,,Julyet,38177
Benchamin,,Franklin,1814206
Bendix,,William,1261641
Benedet,,Janine,829169
Benesch,,Oleq,1563717
Benimeo,,Maria,2260053
Benjamin,,William,71834
Bennett,,Dwight,1304988
Bennett,,Chris,1453715
Bennett,,Erica,2520042
Bennett,,Mike,181528
Bennison,Michelle,Hannah,2620091
Bennoun,,Steve,1385176
Bentley,,Amelia,2161868
Berard,,Marie-France,2660909
Berbee,,Mary Lee,58356
Berciu,,Mona,152407
Bercovici,,Debra,2689310
Berezowsky,,Craig,41732
Berg,,Celina,2153794
Berger,,James,42332
Berger-Gross,,Jessica,1287837
Bergeron,,Maxime ,1946780
Berglund,,Birgitta,1155633
Beringer,,Alison,1426996
Berk,,Jonathan,2567990
Berkowitz,,Jonathan,96364
Berlinguette,,Curtis,2048174
Berndt,,Annette,794133
Berryman,,Sylvia,412107
Bertram,,Allan,29977
Beschastnikh,,Ivan,1867361
Bett,,Nolan,2581898
Bevier,,Marylou,422454
Beznosov,,Konstantin,1989751
Bhamra,,Harjoat Singh,426826
Bhandal,,Taqdir,2641492
Bhargava,,Vijay,1539757
Bhatt,,Sunil,2391244
Bhutta,,Aamer,2411780
Bi,,Tony,227389
Bian,,Bo,2588396
Biehler,,Dawn,1093770
Biermann,,Ina,81629
Biesanz,,Jeremy,422125
Bigazzi,,Alexander,2233325
Billings,,Scott,2642366
Bingham,,Brenda,1726691
Bingle,,Wade,42346
Birch,,Susan,422745
Bird,,Brian,2658220
Birk,,Manjeet,2397307
Birks,,Roberta,42702
Bishundayal,,Deo,1806440
Bittner,,Tom,310568
Biukovic,,Ljiljana,216917
Bizhani,,Majid,2332412
Bizzotto,,Dan,174244
Black,,Jennifer,2683267
Blackburn,,Carole,204726
Blackwell,,Bruce,1345566
Blades,,Michael,41736
Blair,,Alec,2270022
Blake,,Michael,32308
Blake,,Robert,792944
Blake,,Susan J.,76195
Blake,,Susan,2707382
Blanc,,Magali,2250475
Bleck,,Alexander,1886618
Bligh,,Elizabeth,2007187
Bloch,,Alexia,32049
Blois,,Cindy,1476438
Blok,,Hendrik (Rik),2303760
Blom,,Joost,69813
Blouin,,Jean-Sebastien,2072594
Blouin,,Jean-Sebastien,1434400
Bluman,,George,715355
Blunderfield,,Ed,1386209
Blundon,,Elizabeth,2268024
Blunk,,Mark,1344741
Boardman,,Tony,1075835
Bobinski,,Mary Anne,1597867
Boccassini,,Daniela,401202
Boddy,,Janice,430237
Bodnar,,Tamara,2225089
Bodolec,,Jacques,273843
Bohlken,,Anjali,1525087
Bohnet,,Adam,1436390
Bole,,Greg,2118951
Bole,,Greg,440145
Bolen,,Liza,2288635
Boley,C,Aaron,2202230
Bolz,,Cedric,829953
Bombardini,,Matilde,780872
Bomke,,Art,361301
Bond,,Matthew,1748353
Bonin,,Grant,596224
Bonn,,Douglas,2606036
Bonny,,Sandy,1097925
Booker,,Courtney,309978
Booluck,,Pooja,2525805
Booth,,Kellogg,9173
Boothe,,Katherine,1382731
Borja,,Lauren,2367039
Borkent,,Mike,2410114
Boroushaki,,Shirin,2445148
Borowski,,Peter,979264
Bortolussi,,Paolo,2501298
Borys,,David,2053341
Bosch,,Jessica,2287905
Bose,,Sarika,53004
Bostock,,Michael,434059
Bouchard,,Marie-Eve,2670215
Bouchard-Côté,,Alexandre,1580678
Bourges,,Antoine,2583777
Bourne,,Michael,1983007
Bournot-Trites,,Monique,1006629
Bovis,,Mike,28790
Bower,,Adam,1612179
Bowers,,Sarah,473283
Bowers,,Fred,628413
Bowers,,Katherine,2126257
Bowie,,Lori,1889904
Bowker,,Elizabeth,1839755
Bowles,,Malcolm,2560501
Bowles,,Margaret,2665943
Bowman,J,William,2706975
Boychuk,,Peter,2580536
Boyd,,Susan,346712
Boyd,,Jade,1143398
Boyd,R.,David,2155064
Boyle,,Christine,198971
Bradfield,,Gary,42348
Bradley,,Nicholas,830449
Bradley,,Susanne,2253287
Brady,,Colleen,1650659
Brain,,Robert,521188
Brakocevic,,Miljan,2042602
Brander,,James,955999
Bratiotis,,Christiana,2397310
Braund,,Susanna,1120228
Brauner,,Colin,416159
Brayer,,Gary,41734
Brcic,,Jelena,1748963
Brealey,,Chad,2332402
Bredberg,,Elizabeth,1334290
Bredin,,Shannon,168468
Breglia,,Susana,819140
Brenner,,Colleen,1145771
Breton,,Rob,88484
Breton,,Charles,2179529
Bridson,,Robert,815027
Briggs,,Marlene,36665
Briley,,Alexis,2448508
Brinton,,Laurel,105634
Brock,,Hugh,58145
Brock,,Linda,70600
Brocklebank,,Lisa,1284573
Broderick,,George,83695
Brodie,,Jedediah,1849426
Bronfman,,Alejandra,257912
Brook,,Timothy,1423025
Brooke,,Julian,2423506
Brooks,,Ian,1951404
Brooks,,Carellin,2668244
Brosnan,,Patrick,789745
Brosseau-Liard,,Patricia,1712708
Brotto,,Lori,709294
Brown,,Kimberly,883145
Brown,,Stephanie,957754
Brown,,Jason,1383866
Brown,,Sarah,2343274
Brown,,Sandra,1253683
Brown,,Loch,1711098
Brown,,Lindsay,2718167
Brown-Evans,,Taylor,1825974
Browne,,Annette,1707306
Brownlee,,Kim,2665989
Brownsey,,Roger,51847
Brownstein,,David,1714022
Bruce,,Robert,1731705
Bruch,,Elizabeth,1590670
Brumer,,Harry,1735006
Bruni,,Carmen,1706870
Bruno,,Talino,2197157
Bryan,,Jim,227627
Bryant,,Kenneth,672068
Brydges,,David,102150
Bryman,,Douglas,287723
Bryson,,Stephanie,1828690
Bryson,,Mary,2197214
Bucchia,Del,Dina,2281611
Buchanan,,Alan,1371540
Buckler,Jean,Elizabeth,2210591
Buechner,,Sara,370312
Buffam,,Bonar,1553221
Buholzer,,Bill,1882462
Bulkan,,Janette,2215501
Bull,,Gary,1284336
Bull,,Justin,2503047
Bulmer,,Marja,1936792
Bunch,,Mads,959666
Bundon,,Andrea,2243193
Bunjun,,Benita,541210
Bunn,,Robert,56678
Burda,,Yuri,1752937
Burgess,,Diane,333193
Burgoyne,,Daniel,94336
Burk,,Stefania,1132954
Burke,,Phaedra,1879607
Burke,,Sarah,1682483
Burkett,S,Craig,1758230
Burkholder,,Leslie,42342
Burnell,,Elliott,51851
Burnett,,Catherine,983269
Burnham,,Thor,1327615
Burnnett,,Joel,1617355
Burtnick,,Les,22294
Burton,,Strang,1550028
Burton-Jones,,Andrew,834460
Bushe,,W. Kendal,91840
Bussiere,,Guillaume,1372095
Bustin,,Marc,125260
Butchart,,Ross,794624
Butler,,Gregory,71825
Butler,,Joy,823951
Buttenschoen,,Andreas,2364031
Butterfield,,Alexander,2545232
Butterwick,,Shauna,1454038
Byers,,Michael,418930
Byrne,,Catherine,2105343
Byrne,,Fionn,2520986
Byrne,,Matthew,2517559
Byrne,,Jeffrey,1368677
Byrne,,Connor,2531915
Bystriansky,,Jason,1383413
Cabezas,,Oscar,1717709
Cabrera,,Juan,1129794
Cacchioni,,Thea,1297211
Cadell,,Meryn,771311
Cairncross,,Molly,2668794
Cairns,,Brian,322602
Calder,D,Ryan,1825137
Calloway,,Katherine,1176020
Calvino-Fraga,,Jesus,339161
Camarena,Antolin,Omar,2192487
Camcastle,,Cara,637112
Cameron,,Brendan,2140947
Cameron,,Gavin,2243046
Cameron,,Max,79989
Campbell,,Colin,104849
Campbell,,Chuck,540390
Campbell,,Deborah,956348
Campbell,,Alice,1237545
Campbell,,Kim,1254952
Campbell,,Harlan,2331928
Campbell,,Trevor,2624354
Campbell Meier,,Jennifer,943539
Cannon,,Jonathan,1564945
Canuto,,Luisa,122091
Cao,,Jax,1429831
Cao,,Yankai,2452133
Carazzo,,Guillaume,1114584
Carbonetti,,Maria,272800
Carden,,Guy,108621
Cardoso,,Amanda,2480913
Carenini,,Giuseppe,29137
Carleton,,Bruce,2482503
Carlson,,Murray,128339
Carlson,,Scott,427517
Carlsten,,Crhistopher,1823806
Carlsten,,Christopher,2481216
Carmichael,,Jeffrey,2643800
Carnovale,,Marc,1716231
Carpenter,,Mark,2462038
Carpiano,,Richard,892182
Carr,,Wendy,1111806
Carr,,Geoffrey,1598095
Carr,,Roxanne,2340001
Carrabre,,M Gillian,2617643
Carrasco-Teja,,Mariana,471822
Carrier-Moisan,,Marie-Eve,1387164
Carroll,,Allan,1871699
Carten,,Anne,1299299
Carter,,Eric,2097983
Carter,,Kristen,2337425
Carter,,Paul,21180
Casquilho-Resende,,Camila,2093901
Cassidy,,Alice,1699935
Castellanos-Hurtado,,Valeria,1892024
Castellarin,,Simone,2396899
Casto,Preston,Kevin,2403767
Castonguay-Bélanger,,Joël,1621881
Castro,,Kevin,2403725
Caton,,Susan,843205
Catron,,Mandy,1001030
Catungal,,JP,2231942
Catungal,,JP John Paul,2362570
Caunt,,Lachlan,2608756
Caute,,Adeline,1274870
Cautis,,Sabin,1854713
Cavell,,Richard,70085
Cavusoglu,,Hasan,863049
Cawley,,Susan,967778
Ceal,,Satya Narayana,2706450
Celler,,Anna,1699018
Cenfetelli,,Ronald,430094
Cernele,,Shane,1469749
Cerri,,Ronaldo,2021644
Chai,,Susan,256986
Chamberlain,,Sandra,1239370
Champion,,Kathy,936397
Chan,,David,1234775
Chan,,Robert,1338000
Chan,,Chadwick,1359590
Chan,,Vincent,1692409
Chan,,Judy,1711797
Chan,,Kai,1427973
Chan,,Elic,1771328
Chan,,Irwin,2186777
Chand,,Gabriel,1111658
Chang,,Mikeson,1102623
Chang,,Chieh-Yang,2303759
Chang,,Dorothy,771281
Chanway,,Chris,30441
Chapman,,Mary,43260
Chappells,,Heather,2149299
Chapple,,Clive,2384342
Chapple,,Clive,525336
Charbonneau,,James,1738984
Charette,,Laurent,2456908
Chartrand,,Shawn,2328032
Chateau,,Claire,2388194
Chatzivasileiou,,Evangelia,2699514
Chatzivasileiou,,Litsa,268758
Chau,,Rebecca,43669
Chau,,Albert,1089592
Chaudhry,S,Ayesha,1270680
Cheek,,Timothy,2084377
Chen,,Robert,35903
Chen,,David,42355
Chen,,Jingyi,47289
Chen,,Jinhua,55711
Chen,,Jenny,650948
Chen,,Jason,832138
Chen,,Jack,836572
Chen,,Kelvin,1312375
Chen,,Allen,1359819
Chen,,Jiahua,1536332
Chen,,Yu-Ting,1669473
Chen,,Frances,1989747
Chen,,Xiumin,2024139
Chen,,Christine,2090480
Chen,,Andy,2348694
Chen,,Cheng,2552593
Chen,,Lianne,1659401
Chen,,Liane,2413244
Chen,,Hsueh Ni,1595735
Chen,Yao Chu,Andrew,1927484
Cheng,,Maorong,236375
Cheng,,Kim,570904
Cheng,Chuen,Man,1822194
Cheng,,Aaron,2143110
Cheong,,Amanda,2545338
Cherkasova,,Mariya,2550015
Cheung,,Y.M.,96333
Cheung,,Karen,1227463
Cheung,,Desmond,1405799
Cheung,,Yau Man,2372233
Cheung,,Benjamin,1837532
Chiao,,Mu,406735
Childs,,Mary,764401
Chin,,Scott,2643802
Chiniforoosh,,Sina,2113450
Chipeniuk,,Karsten,1388037
Chisholm,,Brian,35555
Chisholm,,Amanda,1884234
Chitnev,,Veta,1254442
Chiu-Duke,,Josephine,42701
Cho,,Sunah,829579
Cho,,Youngmi,1419003
Cho,,David,2664243
Choi,,Marcia,1185363
Chong,,Kevin,1186756
Chong,,Mary,2007896
Choptuik,,Matthew,1762236
Choquette,,Elena,2395536
Chou,,Steve,457702
Chou,,Keng C.,690322
Chow,,Garland,95113
Chowdhury,,Arjun,1453818
Chowrira,,Sunita,733710
Christen,,Andreas,996174
Christensen,,Linda,390746
Christianson,,Linda,69905
Christianson,,Morten,907435
Christie,,Niall,70083
Christie,,Stella,1476758
Christie,,Gordon,631189
Christie,,Tim,886450
Christoff,,Kalina,2156432
Christopoulos,,John,2192486
Christou,,Cameron,1526976
Chrostowski,,Lukas,642248
Chua,,Romeo,198664
Chun,,Jennifer,964288
Chung,,Keng,1095113
Chung,,Yunhee,1103840
Chung,,Tran,421549
Chwelos,,Paul,32467
Cicchetti,,Tina,863563
Cierna,,Annie,2643405
Cinq-Mars,,Crystal,1875809
Citizen,,Robyn,1820398
Ciufolini,,Marco A.,394293
Clark,,Beth,1121798
Clark,,Leah,1329148
Clark,,Randal,2176962
Clark,,Luke,1973611
Clark,,Joseph,1450740
Clarke,,Patrick,1254785
Clarke,,Roger,1302499
Clarkston,,Bridgette,2279762
Clausen,,Bruce,75776
Clausen,,Marion,1299308
Claxton,,Dana,1712157
Clay,,Adam,569547
Clee,,Susanne,1340211
Clegg,,Dan,2373174
Cliff,,Brian,42353
Close,,David,1407001
Clough,,David,2278621
Cloutier,,Roy,2636231
Cockcroft,,Steven,36832
Cockram,,Nathan,2400710
Code,,Warren,690360
Cohen,,Dave,794857
Cohodas,,Marvin,215519
Cojocaru,,Serban,2406363
Coleman,,Katharina,338552
Coles,,Matthew,2009298
Collette,,Berg,2627818
Collins,,Dan,2310917
Comeau,,Wendy,1185696
Comisarow,,Melvin,29106
Conati,,Cristina,28731
Condon,,Patrick,70602
Condon,,Anne,2222192
Conibear,,Elizabeth,1704835
Connolly,,Mary,2412367
Connolly,B.,Mary,2683761
Connolly,,Andrew,2358093
Conroy,,Patrick,2247216
Conte,,Gina,2044330
Conway,,Jessica,1486253
Cook,,Graham,166685
Cooke,,James (Jim),1806801
Cool,,Julie,2230582
Coombs,,Daniel,253355
Coombs,,Micheal,1652481
Coop,,Jane,559041
Cooper,,John,37877
Cooper,,Lisa,74751
Cooper,,Elisabeth,857229
Cooper,,Kendra,2009577
Cooperman,,Michael,820513
Coops,,Nicholas,886045
Copeland,,Brian,1437651
Copeland,,Brain,1437654
Copithorne,,Maurice,1126491
Corber,,Ron,1580003
Corbett,,Ken,2386635
Coren,,Stanley,35900
Corewyn,,Janka,2402840
Corewyn,,Janka,345546
Corhay,,Alexandre,1840694
Cornil,,Yann,2132955
Corrigall-Brown,,Catherine,1146362
Cortes,,Matias,1664768
Cortiana,,Giulia,2338527
Costantino,,Manuela,457822
Couch,,Brett,1548820
Coulthard,,Lisa,252831
Coulthard,,Glen,1295840
Courtiel,,Julien,2098206
Coury,,Ariane,55182
Cousland,,Rob,32310
Covey,,Scott,446752
Cowe,,Jennifer,2306000
Cox,,Elizabeth,1652388
Cox,,Susan,1702294
Cox,,Dan,1921391
Cox,,Barbara,138233
Coz,Le,Stephan,1928457
Craig,,Bonnie,1601423
Craigie,,Allan,1480012
Cramond,,Patrick,37536
Crane,,Angela,1894633
Crawford,,David,107197
Crawford,,Robert,104860
Creagh,,Louise,1300358
Cree,,Dylan,2542142
Creese,,Gillian,545110
Creighton,,Millie,100227
Cretu,,Edmond,916668
Cringan,,John,107739
Cripton,A,Peter,1800099
Crocker,,Peter,841522
Croft,,Alyssa,1919333
Crofton,,Fiona,1175717
Cronk,C,Quentin,1879070
Cronkite,,Susuan-Marie,401673
Crover,,Sarah,2171700
Crowe,,Sean,1977135
Crutsinger,,Greg,1728071
Cruz,,Cesi,2155061
Csipak,,Eva,2662919
Cubbon,,Paul,822030
Cuff,,Lindsay,2647539
Cuffe,,Timothy,2447209
Cui,,Wei,1983990
Culbert,,John,1624883
Culbert,,Patrick,2327519
Culham,,Tom,1449875
Culibrk,,Ana,460624
Cullis,,Pieter,198583
Cunliffe,,Emma,1274390
Curat,,Herve,247309
Currie,,Dawn,461335
Currie,,Noel,1621377
Curry,,Ann,861826
Curry,,Mary Jo,1885008
Cutler,,Fred,104850
Cuttler,,Carrie,967704
Cutts,,Jamie,2670529
Cytrynbaum,,Eric,430961
Czarnecki,,Avery,1214243
D'Entremont,,Agnes,1994328
D'Onofrio,,Christine,396207
Dagnino,,Arianna,2091335
Dahl,,Darren,213195
Dahlberg,,Samantha,2278349
Dahmen,,Joseph,1833834
Daigle,,Michelle,2216462
Dake,,Gregory,42331
Dalton,Elizabeth,Lauren,2281159
Daly,,Zach,1985346
Daly,,Zachary,2433395
Dalziel,,Pamela,43207
Damascelli,,Andrea,338636
Damer,,Eric,959253
Dance,,Mark,2054313
Dancygier,,Barbara,188141
Daniels,,Michael,2135647
Daniels,,Lori,43453
Danielson,,Dennis,857355
Danielson,,Peter,1402981
Danielson,,Kyle,2047924
Darwich,,Lina,1988047
Darwish,,Mohammad,1546471
Das,,Raibatak,939483
Das,,Sonia,1167331
Das,,Anupam,1826104
Dasgupta,,Srabana,431642
Dasgupta,,Anupriya,2679015
Dauvergne,,Catherine,69817
Dauvergne,,Peter,104851
Davidoff,,Thomas,1991523
Davidson,,Sarah,2085169
Davies,E,Julian,1753903
Davies,,Paul,322668
Davila,,Gonzalo,1754908
Davis,,Henry,288105
Davis,,Wade,1925126
Dawczyk,,Anna,2722481
Dawson,,Anthony,36660
Dawson,,Jessica,2052307
Dawson,,Terence,2063156
Dawson,,Samantha,2634714
De Angelis,,Franco,394945
De Freitas,,Nando,58263
De Grandis,,Rita,333924
De Greeff,,Paul,2000520
de Kerckhove,,Pascale,2545572
De Rooy,,Johan,32926
De Rosario,,Tania,2672331
De Rozario,,Tania,2670933
De Silva,,Clarence,2542615
De Vera,,Mary,2382983
De Villiers,,Jessica,167810
De Volder,,Kris,216584
De Vries,,Margaret,2082186
De Vroey,,Michel,1371823
Debono,,Allan,1080644
Deby,,Jeff,194098
Dechaine,,Rose-Marie,288123
Deer,,Glenn,57381
Deery,,Oisin,1743143
Deggan,,Mark,1842342
Degiuli,,Eric,1691746
Degraaf,,Darren,1908681
Delage-Beland,,Isabelle,2658381
Deline,,Tracy,75712
Delisle,,Jennifer,604416
Delongis,,Anita,41729
Demers,,Charles,1702907
Demirbas,,Seckin,2279562
Den Hoed,,Rebecca Carruthers,2628906
Dengate,,Jennifer,2301940
Dengin,,George,2289953
Denning,,Andrew,1878578
Denroche,,Heather,2187943
Derakhshandeh,,Babak,1684707
Deretic,,Momo,571820
Dergousoff,,Deborah,2239484
Derksen,,Ruth,468033
Desaulniers,,Shawn,1986076
Descalzo,,Rolando,2501944
Deslauriers,,Louis,1478171
Desmarais,,Sarah,1181657
Desrochers,,Philippe,1257985
Desroches,,Tyler,1888790
Devereux,,Michael,857068
deVilliers,,Jessica,249731
Devlin,,Angela,1477483
Devries,,Maggie,1808675
Devyver,,Baptiste,1926751
Dewar,,Anne,1733502
DeWreede,,Robert,43789
Dey,,Mohar,2194063
Dhar,,Tirtha,396247
Dhari,,Ranjit,2713963
Diaz,,Alejandra,2399272
Dick,,Alex,95468
Dickinson,,Kenny,1599667
Dickson,,Jenny,1633455
Diehl,,Robin,1483535
Dierker,,Steven,2607989
Dierkes,,Julian,2155063
Dileep,,Athaide,1820396
Dilley,,Sherrie,2123997
Dimitrova,,Milka,1651993
Dinat,,Deena,2544267
Ding,,Daniel,1810522
Dixon,,Joy,94817
Dixon,,David,36843
Djurdjevic,,Gordan,529708
Dober,,Jennifer,2153172
Doberstein,,Carey,2620094
Dodd,,Janey,2584921
Dodd,,Jordan,2381390
Dodson,,Alan,689437
Doebeli,,Michael,1952410
Doerksen,,Kevin,1862786
Dohaney,,Jacqueline,1306852
Dollinger,,Stefan,862982
Dominelli,,Paolo,1982890
Dommel,,Hermann,1107599
Dong,,Xuesen,2391736
Dongchen,,Hou,2467687
Donnelly,,Leeann,1694898
Donnelly,,Caitlin,2281459
Donner,,Simon,1046136
Donovan,,Grace,2225710
Dontsov,,Egor,2008464
Dorfmann,,William Bill,1909690
Dormuth,,Colin,2331196
Dorodnitsyn,,Vladimir,1450950
Doroudi,,Majid,851803
Dos Santos,,Pedro,2277006
Doucet,,Virginie,1041798
Doucet,,Arnaud,1270221
Douglas,,Carl,30188
Douglas,,Delia,2377804
Douglas,,Jennifer,2383911
Douglas,,Catherine,446500
Dowlatabadi,,Hadi,1672779
Doyle,Leigh,Elizabeth,2323849
Dragulin,,Serban,2381530
Dreher,,Gudrun,1454914
Drelichman,,Mauricio,610740
Dridi,,Rauof,1385512
Drozdiak,A,Jeffrey,1775302
Drugge,,Daniel,1778150
Dryden,,Neil,140213
Duarte-Guterman,,Paula,2048877
Dubrawski,,Kristian,1679943
Dubrovinski,,Mati,1341179
Duc,Dao,Khanh,2586041
Ducharme,,Michel,829958
Dudarev,,Veronica,2575299
Duff,,Kim,1748780
Duff,,David,1377537
Duggan,,Maryse,114636
Duina,,Francesco,1894609
Dujakovic,,Maja,1569863
Dukewich,,Kristie,1459683
Dulat,,Margaret,92134
Duman,,Ali,1220744
Dumont,,Guy,322673
Dunbar,,W. Scott,89905
Duncan,,Alex,942645
DUNCAN,,CAMERON,2403533
Dunfield,,Joshua,2201365
Dunford,,William,35071
Dunham,,Bruce,850832
Dunlop,,Will,1770865
Dunn,,Elizabeth,791811
Dunwoody,,Bruce,218877
Duong,,Frank,1649146
Duranti,,Luciana,409451
Dutton,,Don,19989
Duzy,,Barbara,1793747
Dweik,,Samer,2490347
Dweik,,Samir,2494214
Dwyer,,Justin,2438969
Dyce,,Matt,1295926
Earle,,Bo,1297246
Eaton,,Brett,413121
Eaves,,Thomas,2242190
Eaves,,Tom,2405685
Ebbehoj,,Cathy,1314987
Eberhardt,,Erik,548586
Eberle,,Robert,1704722
Echard,,Sian,36306
Edgar,,Scott,1190061
Edgington,,David,35899
Edinger,,Elizabeth,218796
Edinger,,Monika,1684005
Edwards,,Allen,66077
Edwards,,Gail,523578
Egan,,John,100803
Egeland,,Erin,2546927
Egerton,,George,34965
Ehmann,,Tom,1176078
Eich,,Eric,73981
Eidelman,,Jay,418931
Eidinger,,Andrea,2376350
Einboden,,Rochelle,1439916
Eiselt,,Kurt,461556
Eiston,,LO,1842916
El Smaily,,Mohammad,1400616
El-Bezre,,Nazih,2290812
El-Kassaby,,Yousry,807948
Elazar,,Boaz,2414652
Eldridge,,John,28890
Elfring,J,Gwynn,1880652
Elgueta,,Maria,2452745
Elizabeth,,Saewyc,1694674
Ellermann,,Antje,420999
Elliot,,Robin,132222
Elliott,,Brian,272039
Elliott,,Madison,2427907
Ellis,,Naoko,546457
Ellis,,Simon,794845
Ellis,,Shona,58357
Elmo,,Davide,2621944
Eltis,,Lindsay,198588
Elwood,,Ken,264940
Emberson,,Lauren,2722392
Emerman,,Joanne,537746
Eming,,Jutta,1070434
Emmett,,Kelin,2320836
Endo,,Paul,8923
Enns,,John,2452613
Enns,,Jim,73982
Enns,,James,2269306
Eom,Yeon,Tae,2628319
Epp,,Richard,1634248
Ercikan,,Kadriye,73976
Erdelyi,,Shannon,2146312
Erickson,,Christopher,1060649
Ernst,,Neil,1754179
Escobar Trujillo,Adelaida,Maria,2457536
Escuer-Riera,,Iris,346769
Eskelson,,Bianca,2014886
Eskelson,,Bianca N.I.,2684229
Esling,,Natalia,2493489
Esposito,,Tullio,1923532
Essak,,Martha,2303693
Esson,,Heather,2423599
Esteghamatian,,Amir,2238067
Estey,,Anthony,2174958
Eswaran,,Mukesh,221470
Etmannski,,Tamara,1981586
Etrati,,Ali,2481652
Evan,,Refano,2679009
Evans,,Virginia,461925
Evans,,Christine,507347
Evans,,Will,218539
Evenden,,Matthew,87844
Ewart,,Chuck,906616
Eyking,,Adrianna,2225150
Faber,,Shawna,966126
Fahey,,Alicia,2643677
Fairbairn,,Isaac,2721990
Fais,,Laurel,837733
Fajardo,,Frederick,1559574
Falangola,,Chiara,1593159
Falk,,Cliff,523473
Falk,,David,2198566
Fall,,Moustapha,1378441
Faller,,Florian,1733549
Faller,,Florian,151970
Fan,,Belen,184962
Fandino,,Mateus Matt,2450060
Fandino,A.,Mateus,2450063
Fang,,Peter,2679005
Fannin,,Jonathan,182100
Farhang-Mehr,,Farzaneh,2659353
Faris,,Hani,332504
Farkasch,,Robert,75413
Farrell,,David,96376
Farrell,,Anthony,1255286
Farrell,,Adam,2465436
Farrell,,Tony,2484375
Farshid,,Agharebparast,1370905
Fast,,Naomi,1406998
Fatemi,,Sayyed Mohsen,1728812
Faulkner,,Guy,2566136
Favilukis,,Jack,1999403
Fazelpour,,Sina,2353684
Fazly,,Mostafa,1655995
Fedorova,,Alexandra,2546318
Fedoruk,,Ron,351433
Feeley,,Mike,35546
Feldman,,Joel,13231
Feldman,,Greg,396979
Fellows,,Jill,1455976
Fels,,Sid,188778
Feng,,Jimmy,1014562
Feng,,Steve,1510403
Feng,,Franc,1684400
Feng,Jingtao,James,2434982
Fengler,,Markus,1510430
Fenton,,Jennifer,2544504
Ferens,,Sandra,426973
Ferguson,,Kathryn,1617483
Ferguson,,Kathryn,2607163
Fergusson,,Janel Lynn,2607239
Fergusson,,Janel,1812630
Fernandez,,Rachel,220544
Fernandez,,Maria Soledad,316302
Fernandez,,Antonio,952077
Fernandez Utrera,Soledad,Maria,2592315
Fernlund,,Göran,1722450
Ferreira,,Laila,1495211
Ferreira Da Silva,,Denise,2151921
Ferrer-Boix,,Carles,1887054
Fershtman,,Adam,2693692
Fessenden,,Sarah,2304151
Filipenko,,Margot,820463
Findler,,Patrick,626182
Fine,,Arnold,885386
Finlay,,Brett,198580
Firkins,,Jacqueline,2588904
First,,Uriya,1967914
Fisher,,Adlai,42799
Fisher,,Alexander,848301
Fisher,,Kevin,2030378
Fitzpatrick,,Kathleen,2476384
Fitzpatrick ,,Brenda,1988558
Fitzsimmons,,Scott,1674707
Fleet,,Darren,2629789
Fleming,,Donald,30001
Fleming,,Tara,977589
Fleming,,Balin,2230407
Fletcher,,Wendy,1049054
Fletcher,,Logan,2343502
Floren,,David,237330
Floresco,,Stan,348464
Flynn,,William,1521972
Flynn,,Mallory,2250536
Flynn,,Alexandra,2570728
Fokidis,,Bobby,1782013
Folk,,Joshua,706746
Folz,,Matthew,1477976
Foote,,Brandon,2080044
Foote,,Kathleen,2406186
Ford,,Laurie,560265
Ford,,Cristie,688227
Forghani,,Alireza,1836742
Foroud,,Afra,1578940
Forster,,Bruce,1699019
Forsyth,,Keltie,2544700
Fortin,,Nicole,2456496
Fortin,,Marie-Claude,305162
Fossett,,Brenda,1424659
Foster,,Leonard,557516
Fotsing,,Luc,1427181
Fouladi,,Dianne,2196697
Foung,,Dennis,2633225
Fox,,Joanne,857212
Fox,Lorcan,Francis,2024666
Fox,,Lorcan,19887
Frackman,,Kyle,1757082
Franch Ballester,,Jose,2508132
Francois,,Roger,797936
Francois,,Patrick,1110106
Frank,,Adam,74865
Frank,,Erica,2190612
Frankel,,Adam,956353
Frankish,,James,411283
Franks,,Ian,1561241
Franz,,Marcel,487762
Franz-Pattillo,,Nicolas,2389608
Fraser,,Barbara,2098135
Fraser,,Ailana,74484
Fraser,,David,273149
Frederick,,Fajardo,1872501
Freedman,,Ruth,35569
Freeman,,Hugh James,1694744
Frei-Njootli,,Jeneen,2651009
Freidin,,Brian,2559418
Freidrichs,,Christopher,1298999
Freitas,,Nuno,2322492
Frelick,,Nancy,510059
French,,William,106603
Freund,,Luanne,2282558
Friedell,,David,2353531
Friedlander,,Michael,862585
Friedman,,Joel,218535
Friedrichs,,Christopher,17566
Friesen,,Erin,1599073
Friesen,,Suzanne,2629379
Frigaard,,Ian,82895
Frimer,,Jeremy,1518821
Frisch,,Larry,2109492
Fritz,,Thomas,1622438
Froese,,Richard,43492
Froese,,Thomas,598113
Frohard-Dourlent,,Hélène,2125502
Frostad,,John,2245475
Fryzuk,,Mike,252203
Fthenakis,,Vasilis,2019229
Fu,,Hu,2337956
Fu,,Jing (Janet),2471370
Fu,,Qiang,2125746
Fu,,Cheryl,1451503
Fudge,,John,885865
Fujimoto,,Derek,2325720
Fujita,,Mari,473195
Fulkerson,,Matthew,1503388
Fulton,,Bruce,1790664
Fulton,,Bruce,85142
Fumi,,Elena,1252956
Fung,,Charissa,1599640
Fung,,Klint,2520789
Funke,,Melissa,1755506
Furst,,Robert,2331032
Fusy,,Eric,1178020
Gabriel,,Denise,2669955
Gadala,,Mohamed,36250
Gaertner,,David,2156379
Gaetanne,,Marisa,1651389
Gagnon,,Jennifer,1870942
Gaitan,,Juan,1155493
Gaitan,,Carlos,1651498
Galdas,,Paul,954722
Galea,,Liisa,297106
Galiano,,Ignacio,2365760
Galiano Zurbriggen,,Ignacio,2368513
Galla,,Candace,1978748
Gallagher,,Christopher,71867
Gallini,,Nancy,1733563
Gallipoli,,Giovanni,893763
Gallo,,Maria,2153465
Gallo,,Maria,1486394
Galloway,,Steven,1123321
Galois,,Robert,105485
Ganghoffer,,Jean Francois,852198
Ganzenmueller,,Petra,32857
Gao,,Huasheng,1175603
Gao,(Alice),Xi,2189836
Garaschuk ,,Kseniya ,2000602
Garcia,,Miguel,2534310
Garcia,,Cynthia,2686719
Garcia,,Ronald,1793887
Garcia Armas,,Mario,1787416
Garcia Ramos,,Felipe,1505619
Gardiner,,Dan,96345
Gardner,,Maneula,851376
Gardner,,Gregg,2332365
Garlappi,,Lorenzo,1395740
Garrett,,Bernie,1120356
Garza,,Alejandro,1446369
Gascon-Samson,,Julien,2329981
Gassner,,Florian,1860765
Gaston,,Christopher,2585505
Gaston,,Lise,2539734
Gateman,,Robert,13305
Gates,,Derek,42356
Gaudet,,Andrew,1407353
Gaudet,,Loren,2438419
Gauvreau,,Laurence,2149302
Gay,,Colin,1887441
Gaynor,,Erin,571250
Gbolonyo,,Justice,2604661
Gbolonyo,,Kofi,2003437
Geary,,David,1806439
Gelbart,,Michael (Mike),2056697
Gelinas-Lemaire,,Vincent,2668487
Gélineau,,Paul,2292859
Germain,,Rachel,2625693
Germano,,Bernardita,2467462
Gervais,,Will,1603629
Gessner,,Suzanne,1673545
Ghadermarzi,,Amir,1806927
Ghafghazi,,Saeed,2181101
Ghazi,,Seemi,374286
Ghaziani,,Amin,1702491
Ghement,,Isabella,1245344
Ghigo,R.,Arthur,2563842
Ghioca,,Dragos,1560205
Ghname,,Carrie,1594589
Ghomshei,,Mory,1220017
Ghosh,,Parikshit,662084
Ghotbi,,Sina,1897760
Giammarino,,Matthew,2306197
Giammarino,,Ronald,316368
Giaschi,,Deborah,73997
Gick,,Bryan,1033403
Giffen,,Sheila,2586888
Gilani,,Haris,2469262
Gilbert,,Reid,1453948
Gilbert,,Kristen,2579066
Gilbert,,David,2453941
Gill,,Hardeep,1039850
Gillen,,David,1450997
Gilley,,Jenea Tallentire,768816
Gilley,,Brett,810255
Gilmour,,Bob,1501560
Girard,,Raephael,1838520
Girard,,Jonathan,2665233
Girling,,Cynthia,1120432
Giustini,,Dean,224019
Gladman,,Brett,219295
Gladwin,,Derek,1995645
Glassheim,,Eagle,594567
Glassman,,Jim,121552
Glenn,,Brittaney,1635733
Glessner,,Justin,1732463
Glick,,Stephanie,2660912
Glickman,,Victor,1448422
Glombitza,,Andi,1243007
Glouberman,,Mark,36304
Godfrey,,Sima,403201
Godin,,Mireille,899394
Goenaga,,Agustín,1859526
Goheen,,Jacob,1059779
Goldbach,,Toby,2508059
Goldberg,,Murray,9174
Goldberg,,Hagar,2667737
Golding,,Martyn,2007763
Goldman-Hasbun,,Julia,2679010
Goldsmith,,Kaitlyn,2467139
Golubev,,Alexey,2033777
Gomez,,Jose,1528398
Gómez,Aiza,Ricardo,2249404
Gomez Lopez,,Francisco,2124913
Gonzalez,,Jose,1708053
Gooch,,Jane,76975
Gooch,,Bryan,92109
Goodey,,Wayne,367256
Gooding,,Richard (Rick),28821
Goold,,Benjamin,1451530
Gopalakrishnan,,Sathish,1124788
Gopaluni,,Bhushan,947476
Gordaneer,,Alisa,1396499
Gordillo,,Gaston,90073
Gordon,,Joyce,76582
Gordon,,Julia,871426
Gordon,,Michael,1836370
Gordon-Walker,,Caitlin,2243667
Gorges,,Matthias,2574131
Gornall,,Will,2457304
Gorrie,,Charmaine,63259
Gorsharn,,Toor,1434650
Gorzalka,,Boris,16364
Gossen,,David,29055
Gottlieb,,Joshua,1915245
Gouzouasis,,Peter,720258
Gow,,Elizabeth,2095205
Goyal,,Anant,2569300
Grabovac,,Ivan,450502
Grace,,John,75305
Grace,,Sherrill,830451
Graefe,,Sara,2331207
Graf,,Peter,42327
Grafton,,Kathryn,1321225
Graham,,Brian,34155
Graham,,Sean,600116
Granby,Maya,Saffrin,2213179
Granot,,Frieda,2041390
Granot,,Daniel,2283150
Grant,,Ed,482916
Grauer,,Kit,148502
Graves,,Marcia,1807502
Graves,,Jonathan,2323949
Grayston,,Sue,2105940
Graystone,,Brian,96377
Greaves,,Kathy,2547292
Grecov,,Dana,1064878
Grecu,,Cristian,1909943
Green,,David,220129
Green,,Alison,457714
Green,,Timothy,1810759
Green,,Bill,2407253
Green,,Sheldon,2664505
Green,,William,2501651
Green,,Colin,85586
Green,,William,2545203
Greenberg,,Charles,205639
Greenstein,,Elijah,2698840
Greenstreet,,Mark,74942
Greer,,Kerry,1984425
Gregory,,Derek,35907
Greif,,Chen,287231
Grekul,,Lisa,91587
Grenz,,Jennifer,2655957
Gretsinger,,Kathryn,2393283
Grevstad,,Lara,2620428
Grewal,,Jas,2491851
Griesmer,,John,1390551
Griess,,Verena,2361093
Griffin,,Michael,1460618
Griffiths,,Vern,309198
Grillo,,Maria Teresa,920552
Grittner,,Colin,2305632
Groat,,Lee,70072
Groening,,Marlee,957753
Grosjean,,Garnet,2213823
Gross,,Neil,1155492
Grosshuesch,,Jonathan,2466684
Grubisic,,Brett,92192
Grund,,Felix,2683645
Grunow,,Tristan,2177586
GU,,Jun,1619021
Guan,,Meijiao,1455986
Guan,,Joyce,2458945
Gudmundson,,John,1417176
Guerin,,Ayasha,2667830
Guhn,,Martin,2332652
Guichon,,shannon,2623610
Guilbaut,,Serge,193008
Guindon,,Bruno,2123265
Guiry,,Eric,2371103
Gulati,,Sumeet,94303
Gulmanelli,,Stefano,2091337
Gunderson,,Lee,228674
Gunderson,,Kyla,2623346
Gunew,,Sneja,57024
Gunn,,Angus,654680
Gunson,,AJ,1211279
Guo,,Li,1963062
Guppy,,Neil,940238
Gupta,,Rajiv,38178
Gurel-Gurevich,,Ori,1559478
Gurung,,Ananta,2650848
Gustafson,,Stephen,887363
Gusterson,,Hugh,2654507
Gutteridge,,Corin,2301354
Guy,,Robert,742013
Guy-Bray,,Stephen,221014
Gyenge,,Christina,1507163
Gyenge,,Elod,1301045
Gylfadottir,,Duna,2539733
Habajova,,Irina,1948570
Haber,,Eldad,2231733
Hacker,,Katherine,224469
Hagerman,,Shannon,1843797
Haggerty,,John,2395392
Haimsohn,,Maya,2679006
Hakstian,,Ralph,55598
Halabe,,Rahel,1292556
Halasan,,Florina,94830
Halevy,,Yoram,42717
Hall,,Geoffrey,14438
Hall,,Wendy,1543735
Hall,,Nick,1825299
Hall,,Eric,2233326
Hall,,Kathleen,1866470
Hallam,,Steven,1002504
Hallas,,Alannah,2627088
Hallensleben,,Markus,332445
Halperin,,Amira,2509257
Halpern,,Honey,794625
Halpern,,Mark,26386
Halverson,,Mark,1993756
Hambrook,,Kyle,1789357
Hamden,,Jordan,2552346
Hamel,,Keith,2560467
Hamidi,,Parham,2522924
Hamieh,,Alia,1768782
Hamilton,,Kevin,52182
Hamilton,,Stanley,466614
Hamlin,,Jane,2634851
Hamlin,J,Kiley,1509240
Hamm,,Corey,812461
Hamm,,Matthew,2631180
Hammer,,Philip,122291
Hammond,,Andrew,2395423
Hammond,,Gail,107736
Hamson,,Dwayne,1956897
Hancock,,Robert,2151858
Handy,,Todd,224471
Haney,,Colleen,1028543
Haney,,Cara,2348143
Hanna,,Darwin,217043
Hanna,,Julian,627981
Hanna,,Blake,2632714
Hannah,,Ted,859452
Hansen,,Carl,920498
Hansen,,Kelly,1371800
Hanser,,Jessica,2586034
Hanser,,Amy,639184
Hanson,,Laura,16448
Hansson,,Gunnar,288137
Hao,,LI,1547039
Harandi,,Negar,2584909
Harder,,Ken,1938190
Hardisty,,David,2149083
Hare,,Jan,246393
Harland,,Nicholas,1377396
Harley,,Chris,767255
Harlow,,Francesca,837497
Harmon,,Luke,845720
Harper,,Todd,965353
Harris,,Sara,839857
Harris,,Leila,1733546
Harris,,Robert,2498341
Harris,,Nikos,511381
Harris,,Mark,328475
Harris,,Robert,31802
Harris,,Doug,36301
Harrison,,Sheryl,1126029
Harrison,,Nick,1473494
Harrison,,Mark,2383753
Harrison,,Kathryn,104862
Harshaw,,Howard,1677451
Hart,,Alex,19567
Harvey,,Nicholas,1889805
Hasan,,Emrul,2415362
Hasanova,,Dilia,2627448
Hasheminia,,Hamed,1302631
Hasinoff,,Michael,55311
Hassan,,Marwan,28813
Hastie,,Bethany,2241494
Hatake,,Kakashi,2607913
Hatch,,Ronald,29391
Hatzikiriakos,,Savvas,1168263
Hauert,,Christoph,1239553
Haughn,,George,222886
Hauka,,David,2630479
Haukaas,,Terje,383338
Haussmann,,Ulrich,69909
Hawkes,,Michael,38656
Hawkey,,Kirstie,1611210
Hawrysio,,Denise,1339602
Head,,Keith,354629
Hearn,,Elizabeth,394540
Heatherington,,Tracey,2664142
Heaton,,Jasper,2492261
Heckman,,Ian,2174776
Heeren,,Cinda,2302527
Heidrich,,Wolfgang,126771
Heim,,Johannes,2360861
Hein,,Jason,2115730
Heine,,Steven,35553
Heiner,,Cynthia,1627189
Heinkel,,Robert,594176
Heins,J.,Thomas,2179402
Hellewell,,Jamie,2116504
Hellmann,,Thomas,770362
Hellwig,,Tineke,42699
Helmuth,J,Tyler,1860483
Hempen,,Daniela,53476
Henderson,,Lee,1540141
Henderson,,Julia,2124964
Hendra,,Graham,2346004
Hendricks,,Christina,412110
Henrich,,Natalie,895326
Henrich,,Joseph,987442
Henriques,,Alexandra,229695
Henry,,Greg,107378
Hepburn,,Brian,1074392
Herath,,Mudiyanselage,1474356
Herath Jay,,Mudiay,1473928
Herdman,,Tony,2603297
Herlin,,Abby,1299158
Hermansen,,Sally,28728
Hermiston,,Nancy,343789
Hermon,,Jonathan,2623721
Hernandez,,Marcela,2522274
Herring,,Geoffrey,458303
Herrington,,Susan,779390
Hesketh,,Ian,913132
Hesselink,,Nathan,2531765
Hessing,,Melody,1419123
Heumann,,Jay,1368604
Hewage,,Kasun,1739692
Hewitt,,Gary,311302
Hewitt,,Ian,1486414
Hewitt,,Duncan,1919851
Hewitt,,Nina,2266695
Hewitt,,Paul,42351
Heyl,,Jeremy,425959
Hickey,,Ross,1160249
Hickson,,Paul,1832413
Hiebert,,Dan,98375
Hikade,,Thomas,502170
Hill,,Peter,966403
Hill,,Rosaleen,1770871
Hill,,Andrew,1771128
Hill,,Ian,1826145
Hiller,,Rebecca,1664281
Hillier,,Brandon,2525630
Hilliker,,Jeremy,1670149
Hillman,Kobayashi,Kyoko,2579975
Hillson,,Richard,261515
Hinch,,Scott,2669648
Hingston,,Patricia,2349680
Hinze,,Ehleen,70155
Hirakata,,Pam,826564
Hirsh,,Elizabeth,1883154
Hirsh,,Charlotte,2659600
Hirst,,Martin,1957039
Hitch,,Michael,967775
Hite,,Joshua,2501490
Hnatkovska,,Viktoria,983623
Ho,,Elaine,1264086
Ho,,Mabel,2430933
Hoang,,Mark,2450751
Hobbs,,John,989532
Hoberg,,George,2327563
Hoberg,,George,458416
Hodge,,Kirsten,1756801
Hodges,,Nicola,663052
Hodgson,,Elizabeth,36661
Hodgson,,Murray,314202
Hodgson,,Richard,439259
Hoegg,,Joey,980549
Hoffman,,Jennifer,2098204
Hoffmann,,Florian,1571345
Hoiles,,William,2187570
Holland,,Seth,2719482
Hollett,,Mark,2384427
Hollingdale,,Hazel,2510783
Holloway,,Isaac,1955793
Holman,,Parker,2279404
Holmes,,William,1687901
Holmes,,Reid,2203879
Holowaychuk,,Sean,2262115
Hong,,Young-Hwa,1548347
Hong,,Han,2467779
Hong,,Jieliang,2620460
Hoogendoorn,,Irma,1324214
Hoos,,Holger,66171
Hoppmann,,Christiane,1176029
Horacek,,Ivana,2049563
Hormozi,,Sarah,1819374
Horne,,Andrew,2090477
Horwitz,,Marc,247837
Hoshi,,Saori,2449875
Hoskin,,Matthew,2451866
Hosking,Jay,Jeremy,2353441
Hosseini,,Abbas,2666329
Houshmand,,Marjan,1772608
Houston,,Kathryn,2449194
Hoven,,Michaelyn,1879345
Howard,,Nigel,2660233
Howie,,John,87012
Hoy,,Patricia,2296410
Hsieh,,Andrew,2286705
Hsu,,Ray,1326487
Hsu,,Raymond,2075412
Hsu,,Wei-Chiao,2156001
Hu,,Fei,2332411
Hu,,Alan,12471
Hu,,Xixi,2710580
Hua,,Zheng,1326981
Huam,,Tao,2465673
Huan,,Tao,2465674
Huang,,Xin,870144
Huberman,,Ben,1716911
Hubner,,Kurt,1571371
Huddart,,Joanna,2545045
Huddart-Kennedy,,Emily,2694160
Hudec,,Kristen,2189529
Hudson,,Nicholas,1298453
Hudson,M,Zachary,2040141
Hudson Kam,,Carla,2289421
Huebner,,Kurt,1616919
Huemoeller,,Katharine,2240219
Huet,,Damien,2650253
Hughens,,Thomas,2039183
Hughes,,Thomas,2090699
Huh,,Tim,1403475
Hume,,Nathan,2001957
Huminuik,,Kirby,2325934
Hundal,,Sukhwant,1275999
Hungr,,Olrich,1669153
Hunt,,Sarah,2152455
Hunt,,Dallas,2223406
Hunt,,Brian,2669894
Hunter,,Thomas,1729502
Hur,,Nam-Lin,125749
Hurd Clark,,Laura,1117541
Hurd Clarke,,Laura,521276
Huruguen,,Mathieu,1752753
Husain,,Kasim,2459469
Hussain,,Laila,2524378
Hussain,,Tariq,2000322
Hutchinson,,Norm,180687
Hutchison,,Camden,2333667
Huxol,,Tobias,2230333
Huyser,,Kimberly,2684065
Hwang,,Jun Ho,1802498
Hyde,,Zachary,2125064
Hyman,,James,1522631
Hyson,,Chad,1024036
Ichikawa,,Jonathan,1676955
Ie,,Kenny,2305654
Iles,,Will,2448430
Im,,Hee Yon,2710205
Im,,Hee Yeon,2706394
Imoberdorf,,Gustavo,1240173
Imran,,Hazra,2455388
Inglese,,Mario,1597787
Inglis,,Tim,84651
Innes,,John,1253194
Iqbal,,Javed,365613
Irvine,,Andrew,251151
Irwin,,Darren,572392
Isaacson,,Michael,363862
Isherwood,,Matthew,2660910
Ishiguro,,Laura,1790653
Islam,Md,Jahurul,2606526
Isman,,Murray,1304329
Israel,,Robert,44889
Issa,,Ahmad,2714253
Itoh,,Ikuko,44681
Iurascu,,Ilinca,1733186
Ivanochko,,Tara,1850572
Ivanov,,Andre,338119
Ives,,Joss,1892776
Iwasaki,,Shota,2694653
Jackes,,Robert,240439
Jackson,,Michael,128395
Jackson,,Cathryn,452608
Jackson,,Howard,1172037
Jackson,,Sarah Nelle,2578952
Jacobs,,Alan,245342
Jacova,,Giorgio,122090
Jacquard,,Stillman,591714
Jaeger,,Carol,257391
Jaeger,,Nick,336059
Jaffe,,Kate,2478769
Jaiman,,Rajeev,2647490
Jakobsen,Magnus,Alexander,2561458
Jamal,,Azeema,2391973
James,,Kedrick,565192
James,,Brent,1384234
James,,Gareth,1594601
James,,Kevin,2126993
James,,Suzanne,787996
Jamieson-Lane,,Alastair,1846252
Jamula,,Ryan,2664244
Jan,,Eric,2084345
Janara,,Laura,104848
Jankowski,,Jill,1943624
Jaramillo,,Grace,2547683
Jarrett,,Jason,2577301
Jarus,,Tal,1727734
Jatskevich,,Juri,345570
Jaureguiberry,,Florencia,1105339
Jazzi,,Sepand,1801443
Jean,,Marie-Gerald,1679389
Jean,,Francois,1300018
Jeanne,,Rosemary,884363
Jefferies,,Wilfred,2033642
Jeffery,,Erica,2051731
Jellinek,,Mark,1862570
Jenkins,,Carrie,1958406
Jenni,,Nicole,2664145
Jeong,,Halyun,2287494
Jeong,,Gyung-Ho,1679553
Jeske,,Jonathan,973888
Jessop,,David,1808571
Jessri,,Mahsa,2562969
Jetter,,Reinhard,1891977
Jetter,,Reinhard,1925057
Jetter,,Reinhard,1925064
Jetter,,Reinhard,308188
Jhangiani,,Rajiv,1181660
Jhangiani,,Surita,2641642
Ji,,Yujie,2310219
Jia,,Johnson,1479556
Jiang,,Changmin,1726352
Jiang,,Chuchu,2721157
Jim,,Jerry,2360628
Jin,,Xiaoliang,2374595
Jin,,Gyo Taek,2411341
Jing,,Zhichun,89761
Jing,,Zhichun,2718974
Jinhua,,Chen,1558950
Jo,,Min Jun,2651405
Job,,Brian,75406
Joceline,,Andersen,2414188
Joe,,Harry,74007
Joghataie,,Abdolrezav,2250710
Johal,,Ranbir,2376344
Johansen,,Peter,1155182
Johns,,Richard,24819
Johnson,,Carl,222783
Johnson,,Phyllis,381207
Johnson,,Greg,473202
Johnson,,James,1129661
Johnson,,Pauline,1861079
Johnson,,Shelly,2002411
Johnson,,Michael,2581160
Johnson,,Catherine,902985
Johnson,,Kayli,1990857
Johnson,,Jordon,2383707
Johnston,,Charlotte,73993
Johnston,,Richard,305749
Johnston,,Josh,1267178
Johnston,,Darlene,1368139
Johnstone,,Tiffany,1826506
Johnstone,,Leslie,2656905
Jones,,Barrie,95198
Jones,,Francis,229009
Jones,,Craig,872966
Jones,,Shelley,1774620
Jones,,Brenda,1991522
Jones,A,Craig ,2004843
Jones,,Trevor,2294228
Jones,,Rhoslyn,2337424
Jones,J,David,2613291
Jones,,Elizabeth,2002420
Jordan,,Elizabeth,1094887
Jordon,,Donald,863553
Jory,,Robert,1185352
Joshi,,Kinchit,1783520
Judy,,Chan,1436739
Jurkevics,,Anna,2340137
Justice,H,Daniel,1828224
Juul,,Jamie,2449155
Kaan,,Philomena,1450948
Kaan,,Philomena,1852119
Kaastra,,Linda,2222739
Kacperczyk,,Marcin,566826
Kadla,,John,794852
Kalan,,Mandeep,2713199
Kalas,,Pamela,1540635
Kam,,Kevin,2317860
Kam,,Christopher,609319
Kamat,,Vinay,286247
Kamranian,,Somayeh,2043558
Kanazawa,,Atsushi,1626587
Kandhadai,,Padmapriya,1707331
Kandlikar,,Milind,1907646
Kang,,Nancy,624876
Kang,,Neelu,1692429
Kanhai,,Devin,2363073
Kanji,,Zul,2269518
Kannangara,,Dhanesh,1168273
Kanters,,Steve,955944
Karabeg,,Jasmina,1302016
Karagyozova,,Tsvetanka,1074057
Karczmarek,,Joanna,1080822
Karimfazli,,Ida,2154120
Karimi,,Savrina,2679008
Karli,,Deniz,1545514
Karlström,,Lena,82030
Karmokar,,Ashok,966127
Karpe,,Rohan,2609790
Karras,,Danya,2505631
Karu,,Kalle,336285
Karwowska,,Bozena,60720
Kasahara,,Hiro,1604725
Kaserman,,Bonnie,2587696
Kashani,H.,Masoud,2408660
Kassamali,,Sumayya,1331623
Kast,,Juergen,198600
Katz,,Rami,2719210
Kavanagh,,Trudy,1802424
Kaveh,,Kiumars,108292
Kawada,,Noriyuki,2452348
Kay,,Min,2430383
Kazama,,Misuzu,1718993
Kazimirski,,Marc,2026523
Kealy,,Kieran,194939
Keddie,Anthony,George,2657641
Keeling,,Patrick ,2021946
Keen,,Patricia,2398451
Keenan,,Richard,1707863
Keeney,,Kristie,1988585
Keerthisinghe,,Sandra,2281258
Keerthisinghe,,Sandra,2309853
Kei,Wai Yee,Wendy,2171979
Kelleher,,Heather,333199
Kelleher,,James,415811
Kelleher,,Angela,1083140
Kellett,,Ron,1120431
Kelly,,Fiona,864532
Kelly,,Deirdre,999375
Kelly,A.,Patty ,2001553
Kelsey,,Blair,2445789
Kelson,,Elizabeth,1868465
Kemple,,Thomas,256658
Kennedy,,Lori,113636
Kennedy,,David,2686407
Kennedy,,Paul,1261170
Kennell,,Nigel,1958917
Kennepohl,,Pierre,937119
Kent,,Duncan,2099269
Kenyon,,Kristi,1744587
Kerns,,Connor,2660300
Kerr,,Randall,600673
Kershaw,,Paul,420995
Keshet,,Leah,26968
Keshtkar,,Nader,2388681
Ketchell,,Shelly,1378320
Khalid,,Ahmad,2559161
Khan,,Karim,1080693
Khan,,Samia,1213752
Khan,,Anichul,2194219
Khangura,,Harinder,62543
Khatami,,Nojang,2385864
Khatib,El,Lara,2412480
Khatirinejad,,Mahdad,1536148
Khatkar,,Taylor,2698296
Kher,,Nikhil,2411529
Khorakiwala,,Ateya,2495202
Khosravi,,Mahta,1235464
Khosravi,,Hassan,1875751
Kiczales,,Gregor,38077
Kieffer,,Timothy,1103725
Kikkawa,,Ken,2462349
Kim,,Djun,1451421
Kim,,Julie,1904861
Kim,,Edward,1927815
Kim,,Julie,2197153
Kim,,Young-Heon,1450535
Kim,,Jieun,2686989
Kim,,Michael,2268384
Kim,,Eric,2688511
Kim,,Jongchon,2461883
Kim,,Ihhwa,161206
Kim,,Mi-Young,2305535
Kim-Sing,,Angela,1294426
Kimmins,,Hamish,1390453
Kinch,,Martin,43423
Kindler,,Pawel,1126998
King,,Mary Ann,232910
King,,Leonora,2452747
King,,Ross,431383
King,,David,1788979
Kingstone,,Alan,16365
Kinnear,,Tyler,2096931
Kion,,Tracy,998860
Kirby,,Elia,556062
Kirby,,Susannah,1385223
Kirchen,,Patrick,1860810
Kirkpatrick,,Karin,974295
Kishor,,Nand,73989
Kitagawa,,Jun,1735203
Kitts,,David,109919
Klassen,,Tara,1982880
Klassen,,David,2269890
Klenz,,Jennifer,58680
Klimpert,John,Nathaniel,2461731
Klinkenberg,,Brian,121553
Klinzmann,,Robert,1505141
Klonsky,,Elisha,2614429
Klonsky,,David,1539867
Knicely,,Carol,610095
Knight,,Tom,42608
Knight,,Thomas,1991524
Knorr,,Ed,12473
Knox,,Sara,2604505
Kobor,,Mike,1410643
Koehle,,Michael,1850337
Kohler,,David,1330755
Koike,,Evan,2326210
Koizumi,,Keiko,31272
Koizumi,,Keiko,2327537
Kojevnikov,,Alexei,829957
Kojima,,Dai,1103625
Kojima,,Dai,2002385
Kolesnik,,Brett,1883933
Kolhatkar,,Varada,2560048
Kollbrand,,Veronika,2230162
Kon,,Janina,352708
Kong,,Shuyu,1144207
Kong,,Jenny,1817308
Kong,,Wai-Ching,1602411
Kong,,Alfred,2597469
Konijnendijk,,Cecil,2328036
Konoval,,Brandon,1069765
Konrad,,Bernhard,1712181
Koo,,Eva,1636484
Koop,,Royce,958427
Koopman,,Sara,1669727
Kopak,,Richard,406998
Kopas,,Paul,865225
Kopelow,,Bryna,2544502
Kopke,,Darrell,2265489
Kopp,,Christopher,2173877
Koppensteiner,,Clemens,2075636
Koppes,,Michele,1052811
Kopylova,,Maya,645096
Kornreich,,Yoel,2254156
Korolev,,Alexandre,581972
Koster,,Evert,204727
Kotlicki,,Andrzej,133924
Kotwal,,Ashok,31269
Koutsianas,,Angelos,2412584
Kozak,,Rob,38171
Kozlowski,,Piotr,1699023
Kraal,,Anders,2053524
Kraciw,,Donald,1325128
Kramer,,John,2371076
Kramer,,Jennifer,1108763
Krasic,,Charles,459343
Kraus,,Amie,1223506
Kraus,,Alan,1670382
Krause,,Paul,57770
Krause,,Ben,2039880
Krebs,,Claudia,1968138
Kreisel,,Deanna,830448
Kremer,,Roberta,189446
Krems,,Roman,892308
Kreso,,Dijana,2305688
Kreuger,,Rachel,831542
Krigolson,,Olav,1114115
Krishnamoorthy,,Srinivas,2707372
Krishnamurthy,,Vikram,425440
Krisinger,,Michael J.,1749277
Kroc,,Edward,1479476
Kroeker,,Jeff,34166
Kroft,,Ed,177482
Kropov,,Denis,2613803
Kruchten,,Philippe,1879322
Kruk,,Edward,949496
Krunic,,Dina,905561
Krupskiy,,Pavel,2298470
Krutzen,,Heidi,2007189
Krzic,,Maja,104507
Kubota,,Ryuko,1678749
Kullmann,,Cornelia,325177
Kumar,,Ujendra,953192
Kumar,,Sanjay,1253669
Kumar,,Uma,1081281
Kundu,,Debanjana,2697136
Kung,,Howard,1793224
Kunst,,Ljerka,227611
Kunz,,Tamara,1484800
Kuo,,Yu-Chi,1825719
Kurschner,,Lewis,2622754
Kushlev,,Kostadin,1921934
Kuttler,,Jochen,1289955
Kuus,,Merje,104172
Kwok,,Kenny,304002
Kwok,,Ezra,1786473
Kwon,,Janice,2721039
L'Esperance,,Bruno,1238363
La Flamme,,Michelle,1104212
La Selva,,Samuel,75414
Laba,,Izabella,24197
Lacey,,Anne,2385676
Lacombe,,Agnes,143525
Ladha,,Zahra,1022463
Laffin,,Christina,641377
Lafontaine,,Simon,2722344
Lagally,,Eric,1326480
Lahiri,,Amartya,634467
Lai,,Larissa,1007390
Lai,,Yuwen,1145357
Lai,,Nicholas,2569817
Laird,,Colleen,2597434
Lakshmanan,,Laks,65678
Lalji,,Fawziah,1978106
Lam,,Nguyen,2316967
Lam,,Michelle,2566724
Lam,,Gabrielle,2462765
Lam,,Tania,1274653
Lam,,Vivienne,2171806
Lam,,Mark,1956631
Lam,Wai-Man,Zoe,2559840
Lamberson,,Michelle,1124566
Lamers,,Yvonne,2178195
Lamm,,Tobias,1331141
Lamonde,,Anne-Marie,642690
Lampe,,Lutz,475233
Lane,,Kirstin,981200
Lane,,Erin,1009341
Lane,,Christine,1671001
Lang,,Amy,1295839
Langager,,Graeme,1529234
Lange,,Markus,2570880
Langill,,Robert,556387
Langresaa,,Elizabeth,2627453
Langton,,Nancy,36444
Lanji,,Felicia,1556032
Lanki,,Colleen,615168
Lanthier,,Michael,778554
Laroussi,,Farid,1708040
Larson,,Bruce,964955
Lashkari,,Omid,1294868
Lasinsky,,Anne,2039223
Laszlo,,Eszter,2025110
Latimer,,Heather,2132655
Lau,,Anthony,365936
Lauer,,Sean,220756
Laule,,Cornelia,2441343
Laurin,,Kristin,2317031
Lauster,,Nathanael,628922
Laval,,Bernard,695153
Lavallee,,Suzie,1957696
Lavallee,,Susanne,1975122
Lavkulich,,Les,2527470
Law,,Michael,2161278
Law,,Hedy,2032957
Lawrence,,Peter,217516
Lawrence,,Gregory,1640337
Lazrak,,Ali,188528
Leaf,,Michael,1373432
Leahy,,Michael,2713774
Leander,,Celeste,105033
Leander,,Brian,451250
Leavitt,,Sarah,2358022
LeBaron,,Michelle,1925600
Lebillon,,Philippe,313848
Leclerc-Gagné,,Elise,1833053
Leder,,Garson,2263026
Lee,,Insun,41230
Lee,,Brian,1011674
Lee,,Justin,1112502
Lee,,Nancy,1419463
Lee,,Karin,1427061
Lee,,Elizabeth,1888751
Lee,,Tiffany,2145019
Lee,,Stella,2392261
Lee,,Wony,2406089
Lee,,Man Chun,2452413
Lee,Moo,Gene,2609575
lee,,anyi,2502385
Lee,,Li-Jung,2423592
Lee,,Jae-Hyeok,1699050
Lee,,Melissa,1869046
Lee,,Grant,94262
Lee,,Chris,830450
Lee,,Tara,891626
Lee,,Sanghoon,1302089
Lee,,Stella,2444506
Lee,,Jongho,2674436
Lee,,Steven,35897
Leesing,,Dorothee,2717735
Lefranc,,David,848017
Leggo,,Carl,58056
Legh,,Barry,92947
Legzdins,,Peter,82043
Lehman,,Darrin,29763
Lekhi,,Anka,1047736
Lemche,,Soren,542782
Lemieux,,Victoria,1908077
Lemieux,,Guy,322671
Lemoult,,Joelle,2236484
Lemp,Barbieri,Sebastian,2445779
Lence ,J,Barbara,2042745
Lennox,,Jeffers,1503255
Leplat,,Farah,885517
Lermer,,Leonard,1118973
Lerner,T.,Jillian,1789021
Leslie-Baker,,Donald,1393619
Lester,,Peter,1499986
Lester-Smith,,Donna,2138500
Letchford,,Kevin,1699312
Leung,,Cyril,258438
Leung,,Victor,260259
Leung,,Linda,1300154
Leung,,Andy,1929688
Leung,,Arthur,2664922
Leung,,Fok-Shuen,1328688
Levell,,Nicola,1400468
Levere,,Drake,2521755
Levi,,Maurice,315234
Levin,,Simon,511889
Levin,,M. Simon,1423973
Levine,,Marc,596271
Levings,,Megan,1680625
Levit,,Anna,1734574
Levit,,Michelle,2225767
Levitt,,Peter,1808676
Levy,,Eric,36363
Levy,,Alon,1841268
Lew,,Janey,2112651
Lewis,,Martin,97935
Lewis,,DeLisa,2155497
Ley,,David,28803
Leyton-Brown,,Kevin,451091
Li,,Tian Ming,43670
Li,,Duanduan,461524
Li,,Hao,1372247
Li,,Kai,1433561
LI,,LU,1685374
Li,,Dong,1974400
Li,,Xiaojun,2139313
Li,,Vivian,2142168
Li,,Ryan,2153267
Li,,Guofang,2194658
Li,,Tianming,2229021
Li,,Ken,2348179
Li,,Xiyue Ellen,2660250
Li,,Hongbin,394290
Li,,Wei,1350426
Li,,Yue Xian,33412
Li,,Loretta,26420
Li,,Yongzheng Parker,2621780
Liang,,Richard,1477317
Liao,,Carol,2584080
Liao,,Sha,1875591
Liceaga,,Andrea,229494
Lieblang,,Jason,2118110
Lightfoot,,Sheryl,1440364
Lim,,Jim,82192
Lim,,Yew-Wei,1566953
Limbrick-Oldfield,,Eve,2352316
Lin,,Pi-Hua,2633006
Lin,,Chien-Ju,2451709
Lin,,Pi-Hua,2252922
Lin,,Li-Wen,1925598
Linares,,Luis,89904
Linde,,Mari-Ann,96378
Linden,,Wolfgang,30195
Lindenberg,,Erin,2072241
Lindsay,,Alan,1058718
Lindsey,,Robin,1668053
Linn,,Yair,2305471
Lipsen,,Michael,1578151
Lis,,Mieszko,2219064
Liscio Gordon ,,Monica,1950004
Liscombe,,Rhodri,105026
Lister,,Alison,1815988
Liston,,Mary,1388736
Litinskaya,,Marina,2275903
Little,Joseph,James,2088864
Little,,Jim,14446
Liu,,Feng,1476337
Liu,,Steven,1651208
Liu,,Shuo,1690859
Liu,,Qian,2451945
Liu,,Kein,2624493
Liu,,Xueshun,321945
Liu,,Keqin,13308
Lizdek,,Ivana,2562693
Lo,,Victor,259289
Lo,,Joseph,199120
Lo,,Kin,42324
Locher-Lo,,Caroline,2627672
Lodewyks,,Michael,2196079
Loesberg,,Jenna,2620429
Loewen,,Phil,21179
Loewen,,Christopher,1110874
Loewen,,Kyle,2601267
Loft,,Shelby,2646039
Lohmann,,Martin,2459213
Lolliot,,Simon ,2041628
Lombard,,Caren,2693225
Lomo,,Zachary,2643872
Londner,,Itay,2428943
Long,,Jason,1449408
Longpre,,Simone,90789
Longridge,,Louise,1570005
Loo,,Tina,247307
Loosley,,Ben,1838714
Lopes,,Dominic McIver,312901
Lore,,Grace,2101681
Lorincz,,Matthew,2430149
Lougheed,,Devon,1092539
Loughlin,,Marie,2693756
Louie,,Jessica,2380358
Louis-Martinez,,Domingo,1031181
Lourenzutti,,Rodolfo,2693521
Loutzenheiser,,Lisa,2678913
Love,,Jennifer,191257
Lovins,,Christopher,2126585
Low,,Kenton,1501863
Low,,Alan,1754594
Lowe,,David,74488
Lowik,,A.J.,2594133
Lu,,Mingzhu,94374
LU,,Xiong Dong,1418575
Lu,,Xiaonan,2062148
Lubert,,Joyce,2550003
Ludlow,,Elizabeth,1528920
Luesink,,David,1268968
Luger,,Moberley,827439
Lui,,Xueshun,1144115
Luk,,Joseph,1592659
Luke,,Joseph,1461194
Lukeman,,Ryan,1033546
Lukits,,Stefan,2647313
Lund,,Steven,861997
Luo,,Senping,2357345
Luong,Anh,Amelia,2600648
Luoto,,Kurt,1437701
Lupton,,Christina,410933
Lushchenko,,Marina,470325
Lusina,,Paul,2257454
Luu,,Jennifer,2598818
Luz,Farinha,Vitor,2219856
Lynch,,Nick,1733129
Lynch,,Sarah,2441562
Lynn,,Hyung-Gu,2575602
Lyon,,Annabel,2618752
Lyon,,Katherine,2237743
Lyons,,Kevin,1700574
Lyster,,Lyndsay,863554
M'Gonigle,,Leithen,1170824
Ma,,Lili,1326167
Ma,,Man Shun John,2232831
MA,,Hongshen,1439109
Ma,,Jennifer,2664960
Ma,,Jasmin,2582618
Ma,,Leo,2622330
Macar,,Ivana,2569388
MacArthur,,Julie,1812319
MacDonald,,Christopher,70604
MacDonald,,Fiona,958426
MacDonald,,Mark,1200246
MacDonald,,Agnes,1529095
MacDonald,,John,19564
MacDonald,,Colin,2312857
MacDougall,,Bruce,69816
MacFadyen,,Leah,1204607
MacFarlane,,Andrew,90601
MacGillivray,,Ross,599201
Machala,Marzena,Anna,2452743
MacIejewski,,Wes,1801289
MacIntosh,,Lori,2054796
Mack,,Johny,2014302
MacKay,,Alex,92083
MacKay,,Heather,1309042
Mackay,,Laurent,2720619
MacKenzie,,Niall,830446
MacKenzie,,Scott,862980
MacKenzie,Alexander,Jordan,2492503
MacKenzie,,Chris,54408
Mackie,,George,74765
Mackie,,Richard,2060336
Mackie,,Gregory,862981
MacLachlan,,Mark,51858
MacLean,,Karon,67336
MacLean,,Mark,58742
Macleod,,Colin,2409894
MacVicar,,Brian,1030373
MacWilliam,,Erin,1893412
Madadi-Noei,,Azita,229496
Madden,,John,2245181
Madden,,John,322681
Maddison,,Wayne,2331874
Madison,,Kirk,1070766
Madooei,,Ali,2283201
Maeda,,Tamaki,1270686
Magliocco,,Sabina,2348129
Magyar,,Akos,1236181
Mahar,,Jordan,1775146
Mahmoud,Shameem,Chowdhury,2411816
Maholtra,,Nisha,1672015
Mahon,,Peter,56940
Mahtani,,Minelle,2703801
Mahy,,Jill,2713959
Maillard,,Keith,657120
Main,,Jessica,1296956
Makmillen,,Shurli,548740
Makris,,Georgios,2707470
Malakaj,,Ervin,2548240
Maldonado,,Maria,105265
Maleki,,Amir,2171311
Malette,,Nicole,2333282
Malhotra,,Nisha,253205
Mallete,,Nicole,2497672
Mallia,,Patricia,687234
Malloy,,Bronwyn,2713795
Malmquist,,Jens,2642846
Manchon,,Enrique,75708
Mangan,,Mike,846397
Mangardich,,Haykaz,2720379
Manges,,Amee,2586429
Mania,,Kirby,2543750
Mank,,Judith,2635197
Mann,,Krin,2542158
Mann,,Gurinderpal,2705583
Mann,,Debbie,2607729
Manser,,Allen,2328903
Mansfield,,Shawn,626684
Mansoor,,Jaleh,1725262
Mansouri Arani,,Mojtaba,2405819
Mantilla,,Guillermo,1585889
Mantilla-Soler,,Guillermo,1554636
Manuch,,Jan,2176987
Manuel,,Alexa,2696408
Marantz,,Paul,34966
Marchak,,Kristan,2089462
Marchetti,,Domingos,1566955
Marcus,,Brian,1005541
Marden,,Emily,1823088
Margolis,,Eric,1296922
Marin,,Mike,646972
Marin,,Michael,2155936
Marini,,Francesca,1295061
Marinova-Todd,,Stefka,2675654
Marken,,Kari,2646743
Markovic,,Jelena,2492262
Marmer,,Vadim,835874
Maroney,,Bernie,2064346
Maroney,,Bernard,2103292
Marr,Walsh,Jennifer,2032059
Marra,,Carlo,1594377
Marsden,,Sarah,1878177
Marsh,,Diana,1963324
Marshall,,Sheila,30781
Marshall,,Christopher,813029
Marshall,,Peter,2303324
Marshall,,Guillermo,2647211
Marshall,,Hallie,319325
Marshall,,Toph,85757
Marshall,,Vaughan,422333
Martens,,Kris,1890152
Martens,,Jason,1919746
Marti,,Jose,1147221
Martin,,Greg,43702
Martin,,Todd,43784
Martindale,,Andrew,791789
Martineau,,Joel,37358
Martinez,,Mark,1722467
Martone,,Patrick,2251798
Marziali,,Andre,8922
Masahiko,,Nakata,1693826
Masilamani,,Logan,2681846
Maslenikov,,Igor,2503399
Masnadi,,Amir,2670668
Mason,,Barry,218555
Massaro,,David,2104543
Masson,,Robert,1336872
Matherne,,Samantha,1889075
Mathes,Faye,Carmen,1958270
Matheson,Carol,Mary,2649057
Mathijs,,Ernest,931522
Mathison,,Sandy,1713333
Mathison,,Sandra,2519838
Matias,,Salibian-Barrera,1692060
Matson,,R.G.,264272
Matsuuchi,,Linda,2201382
Matta,,Moksh,2556210
Matthews,,Jaymie,42279
Matthews,,Philip,1927623
Matthewson,,Lisa,288122
Mattison,,Thomas,76926
Maurin,,Guillaume,1478065
Mauro,,Evan,1751834
Maurus,,Robert,41735
Mauzy,,Diane,31412
Mawani,,Renisa,111100
Maxwell,,Elizabeth,2174986
May,,Lillian,1842471
Mayer,,Uli,474572
Mayer,,Tara,1765516
Mayor,,Thibault,1709796
Mazari,,Alicia,1026522
Mazari-Andersen,,Alicia,455765
Mazawi,,Andre,999376
Mazumdar,,Saikat,2334975
Mc Iver,,Jessica,2610035
McAdam,,Don,56172
McAlister,,Sean,168634
McArthur,,David,93304
McAusland,,Carol,1442555
McBride,,Hillary,2648272
McCarty,,Matthew,2072152
McCasland,,Jamie,2152086
McCloskey,,Shane,695054
McClung,,Dave,28807
McCollor,,Doug,2554133
McCollum,,Erica,2059494
McCormack,,James,524980
McCormack,,Brendan,2290988
McCormick,,Thomas (Tom),2179942
McCormick,,Kelly,2661225
McCreary,,Tyler,2118098
McCrudden,,Emma,2462035
McCrum,,Phillip,425170
McCue,,June,189972
mccue,,lorna,2105154
McCutcheon,,William,331903
McDonald,,Robert,17565
McDonald,,Jenny,791800
McDonnell,,Lisa,2001514
McDougall,,Scott,2455981
McDowell,,Conor,2621778
McElduff,,Siobhan,1231090
McElgunn,,Hannah,2675456
McEwen,,Carolyn,2066442
McFarlane,,Jessica,225867
Mcfarlane,,Rae,2563309
McGeough,,Michelle,2350876
McGovern,,Clare,1828347
McGowan,,Sharon,2479090
McGrail,,Jake,2446724
McGrandle,,Jocelyn,2407806
McGrath,,Kate,1717139
Mcgrath,F,Patrick,2200417
McGrenere,,Joanna,638767
McIlroy,,Brian,252829
McIntosh,,Graham,2238691
McIntosh,,Lawrence,41728
McIntosh,,Ellen,2543466
McIntosh,,Lawrence,2309344
McIntyre,,Gordon,42349
McIntyre,,Gerald,1657776
McIntyre,,Gwynaeth,1750451
McIver,,Jess,2643369
McKay,,Kathryn,2317991
McKellin,,Bill,42837
McKendry,,Ian,57909
McKenna,,Janis,318280
McKesson,,Chris,2090156
McLean,,Judy,585468
McLean,,Jayson,1518657
McLean,,Mark,310531
McMillan,,Malcolm,478252
McNeill,,Laurie,551368
McNeilly,,Kevin,36421
McPhee,,Siobhan,2005407
McPherson,,Gladys,1314989
McQueen,,Jennifer,2539722
Meadows,,Craig,2447120
Measday,,David,42336
Measday,,Vivien,1883502
Medjuck,,Melissa,2002422
Meech,,John,32784
Meen,,Sharon,1427059
Meents,,Miranda,2517842
Meghji,,Ali,2140533
Mehri,,Rastin,2361165
Mehrkhodavandi,,Parisa,810045
Meitner,,Michael,2089380
Mejia Miranda,,Yuri,1382063
Melnykova,,Kateryna,2271978
Melo,,Larisse,2693712
Melzak,,Kathryn,1288760
Mendes,,Wilson,2170152
Menkis,,Richard,74602
Menon,,Jisha,423272
Menzies,,Charles,318595
Merchant,,Sandi,2034452
Meredith,,Deborah,61034
Merivale,,Patricia,600006
MERKLEY,,ERIC,2376429
Mersey,,Avon,1236529
Mesbah,,Ali,1875777
Metcalfe,,Amy,858499
Metzer,,David,223971
Meyboom,,AnnaLisa,1984723
Meyer,,Stephen,36253
Meyer,,Irmtraud,1297251
Meyers,B,Jeffrey,1974809
Michael,,Patrick,2563491
Michael,,Lipsen,1570826
Michael,,Vaney,2719199
Michal,,Carl,139904
Michaletz,,Sean,2436757
Michaud-Ouellet,,Joelle,2620775
Michel,,Bethany,1654976
Michelle,,Riedlinger,1504066
Michelson,,Dave,249937
Michelson,,Helen,852756
Michiko Gagnon,,Olivia,2643948
Mickelson,,Karin,206057
Micovic,,Natasa,2620093
Mikami,,Amori,1788927
Mikkelsen,,Jon,75472
Miled,,Neila,2656908
Milet,,Soline,2281882
Mileva,,Emanuela,2471382
Milic,,Minja,2006149
Millar,,Jessica,882881
Millar,,Robert,1025051
Millen,,Sandra,162831
Miller,,Jeff,125402
Miller,,Gregor,1260232
Miller,,Penny,1861244
Miller,,Bruce,170313
Miller,,David,2315628
Miller,,David,2261409
Miller,,DJ,2387139
Miller,,Robert,98385
Miller,,Bradley,1856251
Miller,,Evan,2719691
Milligan,,Kevin,32589
Mills,,Dawn,1275153
Mills,,Jane,1290096
Millward,,Debbie,1305928
Milne,,Tamar,1068106
Milner,,Valery,1530927
Milsom,,William,120173
Milstein,,Sara,2125536
Milutin,,Otilia,2077249
Min,,Jason,2463045
Minard,,Antone,1741105
Mindell,,Randal,1467941
Ming,,Fang,1045693
Minns,,Steven,2024246
Mirabbasi,,Shahriar,125478
Miranda-Barrios,,Carmen,1624608
Mirenda,,Pat,226878
Miskovic,,Ilija,2230262
Mitchell,,John,2199026
Mitchell,,Tamara,2622520
Mitchell,,Ian,638768
Mitchell,,Cameron,2602850
Mizumoto,,Kota,2221910
Moayeri,,Maryam,966404
Mobuchon,,Christophe,2245433
Mochetti,,Karina,2606722
Moerman,,Don,958493
Mohammad,Panah,Ahmad,2511868
Mohit,,P. Surdas,1259670
Mohn,,William,892476
Mohseni,,Madjid,82940
Molavi,,Reza,2249413
Molday,,Robert,74772
Mole,,Christopher,1439038
Molina,,Joshua,1373683
Mollenhauer,,Douglas,2282042
Momose,,Takamasa,2445647
Monga,,Vishakha,862705
Moniuk,,Deborah,1616185
Monrad,,Jens,1624300
Monroe,,Mark,1431145
Monteyne,,Joseph,1972376
Monu,,Kafui,1377878
Mookherjee,,Neeloffer,1033531
Mooney,,Patrick,1563798
Mooney,,Dawn,1733622
Moore,,Patrick,100232
Moore,,Dan,316336
Moore,,Shannon,1297839
Moore,,Harriet,2698297
Moore-Cantwell,,Claire,2410658
Moos,,Markus,1123336
Moppett,,Damian,582998
Moradifam,,Amir,1456940
Morales,,Gonzalo,1754145
Moran,,Patrick,2662303
Moreiras Reynaga,,Diana,2720169
Morente,,Antoine,2706737
Morgan,,Greg,518678
Morgan,,George,1991192
Morgan,,Jeannie,2309525
Morgan,,Steve,1138726
Morgan,,Kalindi,2698544
Morin,,Matthew,456324
Morrell,,Cameron,1487019
Morrison,,Kenneth,521137
Morrison,,Allen,2563251
Mortensen,,Jim,819109
Morton,,Charlene,265634
Morton,,David,2367306
Mosca,,Paul,72777
Moscoso-Garay,,Marcos,2080300
Moscrop,,David,2154895
Mosoff,,Judy,180728
Moss,,Laura,57383
Moss,,Jennifer,2331728
Mostow,,Joshua,55858
Mota,,Miguel,33310
Motavas,,Saloome,1992155
Mou,,Huaichuan "Kevin",44489
Moussavi,,Maryam,2126703
Movassagh,,Elham,2282334
Moyles,,Iain,1458981
Muckart,,Heather,1800994
Muehlmann,,Shaylih,1479987
Mueller,,Michael,1069443
Mui,,Alice,174242
Mukherjee,,Anirban,1380184
Mulder,,Tara,2560691
Munoz,,Maria,2660127
Munro,,Gordon,147590
Munteanu,,Mircea,245892
Munzner,,Tamara,221688
Murakami,,Go,1788869
Murphy,,Gail,12470
Murphy,,Michael,174236
Murphy,,Gayle,431315
Murphy,,Kevin,793933
Murphy,,Anne,977388
Murphy,,Gayle,2229073
Murphy-Hill,,Emerson,1405179
Murray,,Bradley,1275657
Murray,,Gabriel,1639148
Murray,,Michael,1928445
Murray,,Patrick,2190222
Murugan,,Mathav,2156050
Mustafa,,Rami,2102994
Mustata,,Anca,246837
Musto,,Michela,2657393
Myer,,Bloom,1166568
Myers,,Tamara,830445
Nabi,Robert,Ivan,2621031
Nadel,,Ira,14442
Nagamune,,Ryozo,2022687
Nagarajan,,Mahesh,396437
Nagata,,Wayne,26422
Nagpal,,Mukesh,958945
Nahri,,Faisal,2331065
Nair,,Prashant,2528303
Nairne,,Stephen,104857
Najarian,,Bahman,480092
Najarian,,Siamak,2580342
Nakamura,,Masao,96354
Nakamura,,Tamotsu,97055
Nakane,,Jon,922804
Nakata,,Masahiko,62644
Nakata,,Masahiko,2269939
Nan,,Ning,1869820
Nanay,,Bence,946128
Nancy,,Gallini,1733562
Nappi,,Carla,1577881
Naqvi,,Naveena,2571196
Narayan,,Priti,2618829
Nardizzi,,Vincent,897028
Nashon,,Samson,443636
Nasiopoulos,,Panos,260258
Nason,,Dory,1383475
Nassehi,,Zohreh,2640280
Nathan,,Lisa,2049874
Navarro Ortega,,Samuel,1068286
Nazhat,,Yahya,2096291
Neary,,Hugh,62740
Nellis,,Eric,49567
Nelson,,Harry,2548733
Nelson-McDermott,,Catherine,55730
Nemetz,,Peter,217681
Nemoto,,Kuniaki,1661190
Nesbit,,Susan,42738
Nette,,Lindsey,2549093
Neufeld,,Dietmar,28833
Neumann,,Oliver,326463
New,,Olivia,1619510
Newell,,Jonathan,2194454
Newell,,Robyn,2647403
Newman,,David,2694801
Newman,,Geoffrey,89236
Newton,,Elizabeth,2135463
Ney,,Stephen,2458174
Ng,,Nathan,1022320
Ng,,Emily,1286903
Ng,,Raymond,44013
Ng,,David,2696515
Nguyen,N,Dong Quan,1810587
Nguyen,,Dang Khoa,2008462
Ngyugen,,Athena,1935650
Nichols,,Gordon,1577167
Nichols,,Eva,2659701
Nickel,,Gordon,1563886
Nicks,,David,2574697
Nielsen,,Emilia,1733313
Nietlisbach,,Pirmin,2503361
Nijdam,,Elizabeth,2682429
Nikkel,,Emma,2620431
Nimmo,,Michael,300086
Nitikman,,Joel,1446434
Nitsan,,Tal,1952444
Nixon,,Denver,2709420
Nizamani,,Haider,396609
Nizonkiza,,Deogratias,2627665
Noack,,Fredrick,2500808
Noack,,Frederik,2554604
Noel De Tilly,,Ariane,1816501
Nojeh,,Alireza,1124789
Nolde,,Natalia,2116121
Nomme,,Kathy,259892
Nomokonova,,Tatiana,1841477
Norenzayan,,Ara,58264
Norman,,David,2669418
Norman,,Moss,2458154
Norman,,Lynn,107705
Norton,,Bonny,2244947
Norwood,,Peter,606123
Nosco,,Peter,259339
Nosoohi,,Iman,2561900
Noueiri,,Hussein,1076105
Novak,,Elizabeth,1810761
Novocelskii,,Sergei,25624
Nuesser,,Andrea,2152565
Nugent,,Sean,2501718
Numata,,Masayuki,1178752
Nung,,Shen,2602000
Nussbaum,,Sophia,198596
Nyblade,,Ben,425210
O,,Pamela,1651566
O''Donoghue,,Dónal,1733752
O'Brian,,John,94227
O'Brien,,Adelheid,108442
O'Brien,,Juliet,1405800
O'Connor,,Deborah,2231485
O'Connor,,Mary,2436761
O'Hagan,,Michael,11802
O'Hogan,,Cillian,2314821
O'Kusky,,John,2615746
O'Leary,,Daniel,38313
O'Mahony,,Angela,251167
O'Neill,,Angie,1006294
O'Regan,,Karen,1999458
O'Riley,,Pat,1830566
Ober,,Douglas,2566512
Oberg,,Gunilla,2001631
Oberle,,Eva,1782650
Oberoi,,Harjot,42708
Ochola,,Janet,2308844
Ode,,Maki,221845
Odic,,Darko,1955440
Odumosu,,Ibikonke,1029968
Oh,,Ja-Hae,878405
Oh-Mcginnis,,Rosemary,1726662
Ohsawa,,Yuki,2637744
Oikawa,,Chris,1383700
Oishi,,Meeko,941298
Ok,,Ekin,2475959
Okabe,,Ian,943320
Ola,,Oluwakemi,2385388
Oldenburg,,Douglas,2098105
Oldfield,,Judith,2462638
Oleksiy,,Kryvtsov,1386670
Oliffe,,John,1117047
Oliver,,Dave,2202643
Ollivier,,Rachel,2108344
Ollivier,,Kelly,2173387
Ollivier-Gooch,,Carl,76041
Oman,,Jessica,2180859
Oñate,,Susa,1518322
Ono,,Santa,2652515
Onyeoziri,,Gloria,245791
Oostwoud,,Roelof,670450
Orbaugh,,Sharalyn,125750
Ordonez,,Martin,2046106
Orell,,Julia,2383541
Orians,,Kristin,538569
Ormandy,,Elisabeth,1861793
Orozco,Toledo,Zarai,2625691
Orr Alvarez,,Brianne,1652257
Ortega,G,Sara,2574845
Ortigoza,,Gerardo,2407385
Ortiz,,Rodolfo,2681062
Ortiz-Molina,,Hernan,227867
Ortner,,Christoph,2717903
Oruc,,Ipek,849984
Orvig,,Chris,90769
Osborne,,Sally,196532
Osborne,,Lisa,2173875
Oser,,Scott,425530
Osorio,,Jonas Pinzon,2648426
Ostafichuk,,Peter,387091
Ostwald,,Kai,1997537
Ottaway,,Paul,1387649
Otto,,Sally,687575
Otto,,Jonathan,2555224
Oum,,Tae,96331
Oveisi,,Mehrdad,2180401
Overduin,,Sarah,1633409
Owen,,Taylor,2170411
Owen,,Andrew,1376457
Oyarzua,,Ricardo,1746746
Ozer,,Asli,2679007
Ozog,,Nathan,1380825
Paat,,Joseph,2692292
Pacheco-Vega,,Raul,893912
Pai,,Dinesh,2337844
Pai,,Raymond,2476346
Pakalnis,,Rimas,576966
Pakhomov,,Evgeny,467290
Palacios,,Carolina,2169057
Palisse,,Stephanie,2387232
Palmer,,Aaron,2468172
Palombo,,Daniela,2460184
Paltin,,Judith,2177978
Paluch,,Rebecca,2580003
Palyart,,Marc,1970260
Panagiotopoulos,,Dina,1111023
Pang,,Catherine,458877
Pang,,Helen,2679011
Pankratz,,Adam,2209355
Pante,,Nelly,228744
Panzhinskiy,,Evgeniy,2637307
Paquet,,Myriam,2644668
Parada,,Filomena,1327940
Parajulee,,Ramjee,234732
Pareles,,Marissa,2197807
Pareles,,Mo,2196960
Parent,,Amy,2104445
Parfrey,,Laura,1990733
Paris,,Leslie,35557
Paris,,Jamie,1223572
Park,,Kyungae,1635763
Park,,Sinae,1658806
Park,,Soeun,2070139
Park,,Sun Ryung,2621781
Parker,,Bryan,2260760
Parker,,Brian,1257331
Parker,,Kaela,2713955
Parkin,,Christine,47696
Parra,,Alvaro,1912662
Partridge,,Stephen,91532
Pashan,,Sara,2179179
Paslawski,,Gordon,1747533
Pastine,,Ivan,2531784
Paterson,,Tim,24845
Paterson,,Bob,198964
Paterson,,Carla,435259
Paterson,,Judy,2286858
Paterson,,Erika,439351
Patey,,Grenfell,198599
Patkau,,Patricia,70598
Paton,,Kelly,1734474
Patrick,,Jonathan,845595
Pattabiraman,,Karthik,1708063
Patterson,,Kathrine,57133
Patterson,,Pam,1179151
Patterson,,Christopher,2468248
Patterson,,Andrew,1837070
Paul,,Sean,901028
Paul,,Gavin,2111384
Paulhus,,Delroy,887364
Pauly,,Daniel,1879334
Pavan,,Marcello,1601591
Pavelich,,Jane,56173
Pavlich,,Dennis,1371229
Pavlov,,Ronnie,1035714
Pawlik,,Marek,585805
Pawlowizc,,Rich,699601
Pe'er,,Aviad,657237
Peacock,,Simon,1507972
Pearce,,Mike,2305389
Pearson,,Phyllis,2629076
Pearson,,Audrey,2722199
Pechet,,Bill,70606
Peck,,Jamie,1303248
Peirce,,Anthony,31268
Pelech,,Steven,2718674
Pendleton,,Brian,521193
Pennell,,Matthew,2337208
Pentecost,,Debra,157025
Peplow,,Stephen,1105064
Peragovics,,Agnes,2434610
Perdios,,Angie,444441
Pereira,,Alvaro,43671
Perkins,,Ed,56442
Perla,,Jesse,2120807
Perley,,Bernard,2717798
Perona-Wright,,Georgia,1839012
Perrin,,David,61432
Perrin,,Benjamin,1059966
Perrino,,Andrea,217906
Perrotta,,Andrew,2267359
Perry,,Nancy,58059
Persitz,,Dotan,1521036
Peskin,,Laura,1875445
Petel,,Yael,2544818
Peters,,Kurtis,2103112
Peters,,Michael,285822
Petersen,,Garrett,2384055
Peterson,,Dale,11789
Peterson,,Jenny,1081924
Peterson,,Glen,28869
Petkau,,John,544699
Petrell,,Royann,354089
Petrina,,Steven,966749
Petro,,Peter,70288
Pettet,,Alexandra,1802886
Peyton,,Jonathan,1553115
Pfeiffer,,Hendryk,991382
Pflueger,,Carolin,2113578
Phani,,Srikantha,1621890
Phillips,,Nick,767403
Phillips,,Kimberley,910716
Phillips,,Noelle,1550707
Phillips,,Elizabeth,2256665
Phin,,Nicholas,2621782
Phinney,,Alison,953439
Piana,,Marco,2720887
Picard,,Sebastien,2698719
Piccolo,,Costanza,561463
Pickerell,,Deirdre,1327939
Pieper,,Daniel,2403187
Piggot,,Georgia,2143213
Pighini,,Mari,842044
Pikulina,,Elena,2211144
Pina,,Manuel,545788
Pina,,Freddy,2124901
Pinar,,Bill,1681633
Pineda Salazar,,Jose,2096180
Pinsky,,Tali,1809847
Piret,,James,1029985
Piri,,Hossein,2707433
Pirisi,,Roberto,2194002
Pirvu,,Traian,685206
Pitman,,Robyn,2462041
Pizzaro,,Jose,2629321
Plan,,Yaniv,1918228
Plaut,,Shayna,1973883
Plotkin,,Steve,94657
Plowright,,William,2406456
Pohl-Weary,,Emily,2347206
Pokotylo,,David,246649
Polissky,,Olena,1100378
Pollack,,Paul,1641311
Pollard,,Richard,1905945
Pollock,,Carol,130408
Ponder,Sage,Caroline,2178443
Ponga,,Mauricio,2215718
Ponnoosamy,,Steven,1710275
Ponzetti,,James,28610
Poole,,Avery,1149153
Poole,,Warren,21184
Poole,,David,57834
Poon,,Jessica,1955668
Porritt,,Lucy,1953246
Posarac,,Dusko,205562
Potter,,Tiffany,110019
Pottinger,,Rachel,638766
Potvin,,Gabriel,2172161
Pourhossein,,Forough,2703063
Poursartip,,Anoush,1233294
Powell,,Sonya,1223374
Powell,,Gordon,2121036
Power,,Kate,1730254
Powers,,Brad,2152282
Pramanik,,Malabika,896268
Prange,,Sebastian,1258876
Prasad,,Marcus,2532881
Prat,,Alain,2169787
Pratt,,Geraldine,122077
Praud,,Jocelyne,1617000
Praud,,Jocelyne,2376359
Premarathna,W. A.,Lasantha,2281372
Press,,Sara,2676275
Prest,,Stewart,2027258
Preston,,Keith,1332794
Price,,Richard,78680
Price,,Ingrid,645502
Price,,Susan-Marie,1088317
Priestman,,Barbara,959255
Prince,,Richard,40265
Pringle,,John,2620723
Pritchard,,Robert,1314863
Pritchard,,Bob,61259
Protasio,,Arthur,2719207
Prouse,Carolyn,Valerie,2079892
Prueitt,,Catherine,2545088
Pryce,,Paula,2265876
Prykhodko,,Dariya,906352
Pue,,Wes,125654
Puil,,Lorri,2232292
Pulley,,Janice,74704
Pulleyblank,,Douglas,272677
Purcell,,Victoria,1967450
Purcell-Gates,,Victoria,1162713
Puterman,,Martin,359300
Qi,,Kaihua,2390309
Qi,,Estella,1035531
Qian,,Yi,2335574
Qian,,Yue,2169273
Qirjo,,Dhimitri,1479712
Qiu,Huiyong,Cyrus,2685775
quandt,,Jacqueline,2019405
Querengesser,,John,2621787
Queyranne,,Maurice,2201968
Quiney,,Linda,594564
Quinn,,Ashley,2335428
Quinton,,Bradley,2646080
Quirk,,Paul,418926
Radic,,Valentina,2539643
Radzimski,,Vanessa,1889223
Rae,,Lyn,33309
Raglon,,Rebecca,13307
Rahavi,S. M.,Reza,2120287
Raheem,,Nigare,2708461
Rahmani,,Mona,2363863
Rai,,Sabrina,2669568
Raibmon,,Paige,459843
Raina,,Rajinder,2132610
Raineki,,Charlis,2303758
Rajamahendran,,Raja,816402
Rajwani,,Aziz,54931
Rakotonirina,,Daniel,2244986
Ramana,,M. V.,2518566
Ramdorai,,Sujatha,1483953
Ramer,,Matt,328188
Ramey,,William,19566
Ramsay,,Jennifer,955934
Ramsay,,Lorna,2452564
Randhawa,,Beccie,926874
Rankin,,Catherine,16262
Rao,,Erin,2026814
Raponi,,Sandra,1388077
Ratcliffe,,Blaise,2679147
Ratner,,Pam,31591
Raussendorf,,Robert,2245131
Rawcliffe,,Wayne,2177764
Rawn,,Catherine,1178899
Ray,,Jishnu,2401796
Ray,,Anwesh,2673176
Rea,,Chris,1137231
Rea,,Jaclyn,1394952
Read,,Mike,891739
Read,,Jason,938291
Rechnitzer,,Andrew,962473
Record-Lemon,,Rosalynn,2373181
Redenbach,,Darlene,1821720
Redfield,Jeanne,Rosemary,1948019
Redish,,Angela,42741
Redlich,,Jeremy,882416
Redmond,,Karen,2173550
Reeder,,Kenneth,740695
Rees,,Tyrone,1569271
Reeves,,Margaret,1325586
Regambal,,Marci,1651101
Regmi,,Kapil,2347286
Reh,,Rebecca,2283177
Rehavi,,Marit,1453815
Reichstein,,Zinovy,44673
Reid,,Ronald,189489
Reid,,Danica,2520251
Reid,,Shelley,419520
Reilly,Pat,Patrick,2706585
Reimer,,Christopher,2648425
Reiner,,Neil,821844
Reinsberg,,Stefan,1455466
Ren,,Elizabeth (Lisa),2648427
Renani,,Fatemeh,2152028
Renneckar,,Scott,2181077
Rennie,,Stuart,1801641
Rens,,Lisanne,2525368
Rensink,,Ron,73980
Renwick,,Kerry,2152251
Resmini,,Fabio,2697518
Resnick,,Philip,27549
Reynolds,,Graham,1991148
Rezaie,,Erfan,2676255
Rhemtulla,,Jeanine,2067046
Riano-Alcala,,Pilar,641851
Ribarits,,Steve,1844528
Ribkoff,,Fred,249169
Ricci,,Joanne,424138
Richard,,Hodgson,1575838
Richards,,Jeffrey,548097
Richards,,Michael,1346905
Richards,,Rachel,1999581
Richardson,,Alan,28681
Richardson,,John,316328
Richardson,,Ben,1567820
Richardson,,Jim,1687512
Richardson,,Lindsey,2071220
Richer,,Harvey,235503
Richman,,Joy,1552923
Richmond,,Alexandra,1239367
Ricketts,,Lorne,2281868
Rickey,,Yada,2042103
Ricou,,Laurie,36662
Riddell,,William,1531332
Rideout,,Candice,1728120
Riedlinger,,Michelle,1501392
Rieger,,Georg,69045
Rieger,,Caroline,72152
Ries,,John C.,548287
Riggs,,Wayne,404550
Ripeanu,,Matei,937194
Riseman,,Andrew,150975
Ritland,,Kermit,314402
Rivard,,Alex,2711301
Rivers,,Andrew,2403676
Rivkin,,Shelley,2218414
Robert Grant,,Edward,1688328
Roberts,,Sarah,711613
Roberts,,Cheryl,2041591
Roberts,,Duffy,963089
Roberts,,Frank,141940
Robertson,,Cathy,883077
Robertson,,Heather,2265755
Robertson,,Leslie,2130326
Robertson,,Heather,2202629
Robeva,,Elina,2522458
Robin,,Lindsey,1597731
Robinson,,John,1006534
Robinson,,Leni,1417459
Robinson,,Oral,2199094
Robles,,Patricio,2591886
Roca,,Andrea,2314688
Rocha,,Sam,1950822
Rocheleau,,Alain Michel,108794
Rochemont,,Michael,1989451
Rockett,,Hugh,224079
Rodney,,Paddy,1278249
Rodova,,Liudmila,2438185
Rodriguez,,Brian,152741
Rodríguez Núñez,,José,1754540
Roe,,David,1958558
Roecker,,Inge,1047694
Roeder,,John,127815
Roehr,,Daniel,1754598
Roex,,Calvin,1430668
Rogak,,Steven,28720
Rogalski,,Pamela,2315738
Rogers,,Theresa,470369
Rogers,,Christine,1515974
Rogers,,Katherine,1972246
Rogers,,Lindsay,2406296
Rogo,,Rafael,1548159
Rogo,,Julianna,1646193
Rolfsen,,Dale,14443
Rolfson,,Dale,1612783
Rolston,,Simon,2560692
Roman,,Leslie,497710
Romero,,Amber,1099565
Romero,,Alberto,1473750
Romilly,,Doug,1510401
Roosa,,John,401849
Rosado,,Abel,2231825
Rosales,,Alirio,1066196
Rosales,,Enrique,2656974
Rosazza-Pela,,Olivia,2641781
Rose,,Simon,935858
Rosemblum,,Shelly,1145416
Rosen,,David,1921747
Rosenberg,,Ellen,42344
Rosenblum,,Shelly,86161
Roskams,,Jane,212369
Roskelley,,Calvin,52900
Roskelley,,Cal ,2042607
Roskelly,,Calvin,1622749
Ross,,Tom,43682
Ross,,E. Wayne,549550
Ross,,Nancy,937488
Ross,,Douglas,1523605
Ross,,Becki,2362552
Ross,,Nancy,2410693
Ross,,Becki,151416
Rossoff,,Lawrence,1529521
Roth,,Wendy,850279
Roth,,Andy,2570719
Rothstein,,Vicki,2408124
Rottler,,Joerg,822732
Rouget,,Christine,98387
Rouse,,Robert,620961
Roustaei,,Ali,2201375
Routray,,Sanjeev,1807794
Rowe,,Tormod,2351840
Rowntree,,Lenore,973889
Rowswell,,Kathryn,1688127
Roxanas,,Dimitrios,2006482
Roy,,Marina,87015
Roy,,Catherine,897081
Roy,,Susan,1105150
Roy,,Jane,1534262
Roy,,Karen,1816910
Roy,,Marina,1962542
Rozada,,Ignacio,1217194
Rozali,,Moshe,2202126
Rubenson,,Kjell,1620599
Rubin,,Eran,1133200
Rubin,,Julia,2298314
Rubio,,Pablo,1755354
Ruby,,Matt,1670383
Rud,,Thomas,2421136
Ruddick,,John,486645
Rueda-Becerril,,Montserrat,2321966
Rueping,,Henrik,1949572
Ruest,,Carl,1730007
Rullmann,,Hotze,649344
Ruosi,,Adele,2669417
Rushen,,Jeffrey,1999762
Rusk,,Bruce,1965102
Russell,,Paul,70096
Russell,,Laura,936396
Russell,Kelly,James,2560504
Russo,,Robert,2452238
Ruumld,,Thomas,2418001
Ryan,,Maureen,72063
Ryan,,Katherine,1710882
Ryan,,Emily,1829739
Ryan,,Teresa,2110581
Rymhs,,Deena,1278024
Ryniker,,David,1973445
Ryniker,,David,73481
Ryoo,,Anna,2660906
Ryuko,,Kubota,1684628
Sabarre,,Anthony,1078516
Saber,,Nelly,2720967
Sadatsafavi,,Mohsen,2229521
Sadeghy,,Kayvan,2515561
Sadel,,Christian,1872379
Sadowski,,Ivan,35539
Saeedi,,Parvaneh,473142
Safier,,Neil,1126607
Saghafi,,Arash,2271304
Sajjadiani,,Sima,2476713
Sakata,,Shinichi,339061
Salcudean,,Tim,42725
Saldarriaga,,Juan,635582
Saletti,,Matteo,2281839
Salgirli,,Saygin,2104505
Salibian-Barrera,,Matias,626314
Salter,,Shannon,2019714
Salumets,,Thomas,388137
Salzberg,,Elicia,2094465
Sammis,,Glenn,927638
Samra,,Joti,315852
Samtani,,Raj,1460426
Samuels,,Charles,1548120
Samuels,,Anne,2385677
Samuels,,Lacey,42350
Sand,,Ben,1343029
Sandberg,,Gary,1978112
Sandlin,,Richard,2453228
Sandra,,Mathison,1706070
Sanghara,,Hartaj,1372254
Sankar,,Krishanu,2288555
Sanner,,Caroline,2563087
Santos,,Alessandra,1146527
Sarfaty,,Galit,1980823
Sargent,,Pam,2274549
Sarker,,Subrata,1263367
Sarkonak,,Ralph,80478
Sarquis Aiex,,Nicolau,2412249
Sarra,,Janis,205148
Sassani,,Farrokh,1790645
Sathaye,,Adheesh,824885
Saunders,,Mary Ann,1241942
Saunders,,Adam,1807644
Sauve,,Jeffrey,2703199
Savage,,Ken,1179995
Savalei,,Victoria,1063497
Savory,,David,2656897
Sayani,,Anish,92782
Sayed,,Tarek,213123
Sayer,,Lyz,1292527
Sbai,,Erwann,2414214
Scaman,,Christine,30138
Schabas,,Margaret,456370
Schade,,Silke,1029227
Schaefer,,Timo,2268403
Schafer,,Laurel,42364
Schajer,,Gary,93449
Schaller,,Mark,52754
Schandorf,,Michael,2484555
Schellenberg,,Murray,1992430
Schendlinger,,Mary,1419462
Schiebinger,,Geoffrey,2581999
Schiff,,Nate,1296953
Schleich,,Kristin,254989
Schmader,,Tanya,1732816
Schmader,,Toni,1293463
Schmidt,,Jerry Dean,686042
Schmidt,,James,868202
Schmidt,,Mark,2096293
Schmor,,Kent,2252920
Schneider,,Thomas,1107101
Schober,,Robert,1536604
Schoemaker-Holmes,,Jacqueline,1216201
Schoen,,Michael,357617
Schoen,,Michael,2059356
Schoen,,Micheal,2178150
Schoetzau,,Dominik,347271
Scholes,,Judith,2090057
Schoof,,Christian,251600
Schouls,,Peter,391764
Schrimpf,,Paul,1664236
Schroeder,,Andreas,388433
Schroeder,,Jonatan,2166226
Schulmeister,,Jillian,1772594
Schulte,,Patricia,126470
Schultz,,Anneliese,56748
Schultz,,Izabela,1325129
Schulz,,Martin,89813
Schulz,,Susanne,1626996
Schwartz,,Ryan,1531173
Schwartz,Beth,Naomi,2554832
Schwerk,,Dagmar,2428893
Scoates,,James,121551
Scoble,,Malcolm,60502
Scott,,Douglas,35902
Scott,,Anne,99983
Scott,,Walter,1092288
Scratchley,,Linda,73995
Scribner,,Emily,2323083
Scull,,Laura,341619
Sean,,Saunders,1420564
Seaton,,Beth,928473
Seear,,Michael,1877409
Segal,,Avner,2190550
Segal,,Judy,91515
Seib,,Desiree,2707354
Seidel,,Marc-David,227706
Seixas,,Peter,1094885
Selcuk,Can,Savas,2330831
Seltzer,,Margo,2564401
Semczyszyn,,Nola,1919793
Semenoff,,Gordon,334369
Sen,,Suddhaseel,1532429
Sen,,Vicheth,2478880
Senbel,,Maged,2455689
Senizergues,,Delphin,2564787
Sens,,Allen,28758
Seon,,Thomas,1221627
Seperhy,,Amir,2469125
Sepp,,Stoo,2661488
Seraj,,Mohsen,2286459
Serpa,,Juan Camilo,1748090
Servati,,Peyman,1114121
Seto,,Katherine,1824990
Severinov,,Sergei,1710364
Severs,,Jeff,1380658
Seyedin,,Sam,1808008
Seyedin,,Sam,2022313
Seymour,,Brian,21182
Shababo,,Guy,2384605
Shabbits,,Jennifer,62825
Shafaei,,Alireza,2611701
Shahban,,Faisah,1112599
Shahban,Hanif,Shenaz,2401827
Shakerian,,Shaya,2130483
Shakya,,Tsering,2079337
Shapira,,Uriel,2364322
Shapira,,Tirosh,2560586
Shapiro,,Moshe,191258
Shapka,,Jennifer,1593985
Shariff,,Azim,2430740
Sharma,,Neena,863555
Sharman,,Campbell,637115
Sharon,,Rena,1133821
Sharon,,Tucker,2482039
Shaw,,Patricia,288139
Shawwash,,Ziad,1386335
Shechter,,Steven,1388629
Sheel,,Bill,92956
Sheffer,,Alla,496158
Shehadeh,,Jacqueline,1692043
Shekhar,,Sudip,2049412
Shelley,,Christopher,329339
Shen,,Liangming,2172216
Shepherd,,Bruce,2389771
Sheppard,,Tony,171372
Sheppard,J.,Stephen,1990402
Sheppard,,Rebecca,2708754
Sherman,,John,121025
Shiga,,Hidemi,1442731
Shih,,Chih-Wen,1944652
Shilliday,,Molleen,1109874
Shin,,Jihyun,2606142
Shin,,Eurie,1294508
Shin,,Leo,35499
Shiva,,Amirpouyan,2651846
Shmuely,,Andrew,1872292
Shneiderman,,Sara,2080025
Shoecraft,,Kelly,2414748
Shojania,,Kam,977407
Shrestha,,Ratna,249936
Shroff,,Farah,2154315
Shuk Wang,,Yu,2342533
Shukla,Kumar,Abhishek,2351610
Shurin,,Jonathan,342310
Sia,,Guangrui,1779919
Sia,,Rosanne,2681288
Sibilla,,Nicolo,1956036
Sibley,,Jennifer,1768036
Siddiqui,,Hasan Zahid,2467187
Siegle,,Matthew,2285618
Siemiatycki,,Elliot,1775620
Sigal,,Leonid,2332693
Sighn,,Eili,957522
Signorell,,Ruth,781336
Sigurdson,,Kris,1183655
Sigurdson,,Krista,2646372
Silberman,,Lior,1299189
Silk,,Tim,1372375
Silver,,David,1635833
Silver,,Erin,2323161
Silver,,Lara,1002580
Silver Sweeney,,Marlisse,2116746
Silverberg,,Noah,2694092
Simard,,Suzanne,1732663
Simchen,,Ori,319701
Simintzi,,Elena,1861571
Simpson,,Peggy,953939
Simpson,,David,1483979
Simpson,,Anne,121549
Simunic,,Dan,1423398
Sin,,Nancy,2502178
Sinclair,,Scott,320490
Sinclair,,Chad,315872
Sindelar,,Arlene,71944
Singh,,Sase,755560
Singh,,Anika,2279831
Singh,,Prabhsharanbir,2334121
Singh,,Santokh,105269
Singh,Pratap,Anubhav,2308040
Sinnett,,Scott,1026523
Sirari,,Tanvi,2267029
Sirluck,,Kate,11801
Sirluck,,Katherine,2385500
Siu,,Henry,96470
Siva,,Athreya,1502509
Skarlicki,,Daniel,73973
Skeeter,,June,2673697
Sklar,,Christopher,2332703
Skoulakis,,Georgios,2205048
Skourtes,,Stephanie,1878289
Skrenes,,Laleh,2237542
Skura,,Brent,30140
Slade,,Gordon,31546
Slemon,,Jane,1304731
Slingerland,,Edward,944200
Slingerland,,Edward,2709521
Sly,,Laura,2116848
Small,,Jeff,2436415
Small,,Dan,96334
Smallenberg,,Jory,2500655
Smit,,John,104129
Smith,,Jeffrey,962750
Smith,,Kevin,1300473
Smith,,Blake,2014466
Smith,,T'ai,2039725
Smith,,Cole,2618831
Smith,,Karen,636862
Smith,,Greg,474927
Smithdeal,,Matthew,2492263
Smolkin,,Doran,373753
Smukler,,Sean,1804843
Smulders,,David,2120331
Snelgrove,,Corey,2662740
Snowden,,Kim,520759
Snyder,,Jason,1897208
Sobkowiak,,Benjamin,2521550
Sodagar,,Reza,2315706
Soja,,Peter,596775
Soleimani-Dashtaki,,Salman,2450680
Soles,,Derek,1394039
Soliman,,Hesham,1750854
Soliman,,Susan,2105481
Soliman Ibrahim,,Susan,2244796
Soltani,,Mojtaba,2370679
Solvin,,LJ,2541444
Solymosi,,Jozsef,310443
Soma,,Kiran,639319
Somers,,Emily,1194751
Somerville,Tsuriel,Craig,128340
Sommerville,,Brooks,2422989
Son,,Jeonghye,2576812
Sones,,Trevor,2667432
Song,,Kevin,1879284
Song,,Jee-Yeon,2521675
Soofiani,,Amin,2545159
Sóskuthy,,Márton,2578485
Sossi,,Vesna,1114603
Soufi,,Youcef,2269012
Soules,,Matthew,939807
Soussloff,,Catherine,1551702
South,,Cluny,2627278
Southcott,,Jim,1857825
Souza,,Michael,1454602
Sowlati,,Taraneh,474887
Spacciante,,Profe,2097869
Spacciante,,Stephanie,721650
Spector,,Hannah,1604861
Speert,,David,923773
Speller,,Camilla,2693366
Spering,,Miriam,2050454
Spiegel,,Jerry,2644128
Spiegelman,,George,229493
Spies,,Jillian,2712576
Spinka,,Yinon,2419742
Spivak,,Rafi,2561229
Sprague,,Elaine,804950
Spreter,,Christine,944783
Squires,,Munir,2225854
Squires,,Bonita,2656898
Srebnik,,Simcha,2571850
Srikantha,,Phani,1568818
Srivastava,,Diane,223074
Ssoup,,Stephanie,2647236
St. Onge,,Jennifer,1612421
St. Pierre,,Paul,862979
Stack,,Michelle,959250
Stafford ,,Anika ,2013370
Stainton,,Tim,643483
Stairs,,Ingrid,339171
Stamp,,Philip,208178
Standing,,Jade,2563978
Stanfield,,Norman,436305
Stang,,Jared,1978567
Stange,,Katherine,1478933
Stanwood,,Paul G.,75502
Starling,,Dan,2463489
Statterfield,,Blair,2352438
Staub-French,,Sheryl,1895913
Stecklov,,Guy,2593535
Steeves,,John ,2004537
Stefanska,,Barbara,2416169
Steinberg,,David,1235646
Steiner,,Ted,1290530
Steinwand,,Blaire,2665284
Stemberger,,Joseph,288131
Stenberg,,Peter,388136
Stensrud,,Craig,2352062
Stephan,,Marc,2221915
Stephens,,Christopher,171672
Stephenson,,Susie,28330
Stern,,Louise,1462304
Stewart,,Janice,54906
Stewart,C,Mike,2203071
Stewart,G.,James,2231917
Stewart,,Beth,2438405
Stewart,,Fenn,2065302
Stewart,,Jackie,581390
Stewart,,Anne,2681915
Steyn,,Douw,243823
Stiegler,,Sam,2357627
Stiemer,,Sigi,288074
Stocco,,Leo,793401
Stockbridge,,Carolyn,2682163
Stoeber,,Boris,2299111
Stolte,,Tyson,607996
Stone,,Ann,1436506
Stoodley,,Robin,593794
Storey,,Stefan,2125517
Stotyn,,Sean,1974391
Strang,,Brent,2502903
Straus,,Suzana,198594
Strestha,,Ratna,880651
Stride,,Fred,463488
Strong-Boag,,Veronica,33749
Strubbe,,Linda,2202227
Struch,,Angelika,279791
Strynadka,,Natalie,966428
Stuckless,,Todd,458181
Stull,,Roland,28855
Stumm,,Bettina,1443784
Stuyt,,Sharka,2073901
Stykow,,Maxim,1746651
Suarez,,Carla,2586382
Suborna,,Ahmed,2517135
Sugden,,Nicole,2280541
Sugioka,,Kenji,2584920
Suh,,Jiyoung,2187599
Sukava,,Tyson,1659973
Sullivan,,Richard,56974
Sullivan,,Thomas,805698
Sullivan,,Rachael,1908216
Sullivan,,Brenton,1919539
Summers,,Alex,2656129
Sun,,Xiaonan,2056297
Sun,,Wei,2048298
Sun,,Chin,970358
Sun,,Evelyn,2624332
Sundberg,,Juanita,316842
Sundstrom,,Lisa,75412
Surtees,,Victoria,2568811
Susa,,Onate,1387543
Sutherland,,Sharon,770695
Sutherland,,Julie,1385335
Sutherland,,Brian,1491618
Sutherland,,D Kyle,2664245
Sutherland,,Stuart,30809
Sutter,,Christina,919433
Suttle,,Curtis,221496
Sutton,,Brent,2592191
Suzuki,,Michiko,57664
Suzuki,,David,871438
Svanidze,,Tamuna,1215144
Svedic,,Zorana,2241923
Svendson,,Linda,1270038
Swaffield,,Mary,2026170
Swail,,Brian,1786600
Swatek,,Catherine,46910
Sweeney,,Douglas,889576
Swei,,Omar,2516912
Swiecki,,Tomasz,1881728
Szkup,,Michal,2572548
T. Pourazad,,Mahsa,2462855
Tafaghodi Khajavi,,Leili,2145482
Tafti,,Ali,1274292
Taghavi,,Atefeh,2661354
Taiebat,,Mahdi,1605488
Tait,,David,206099
Tait,,Colin,1064377
Takahashi,,Haruyo,2289960
Takahata,,Kenichi,999405
Talmy,,Steven,2031525
Tamkee,,Patrick,816391
Tan,,William,96329
Tan,,Chee Wee,1216622
Tan,,Elsie,2607730
Tan,,Michelle,2656900
Tanaka,,Kaori,2443840
Tanentzapf,,Guy,1480040
Tang,,Shuo,1128058
Tang,,Victor,2221169
Tania,,Nessy,1371272
Tanner,,Martin,42362
Tannert,,Thomas,1700769
Tansey,,James,1755865
Tao,,Huan,2504272
Tappata,,Mariano,857288
Tariq,,Nessim,1247276
Tarnai-Lokhorst,,Kathy,2384422
Taubeneck,,Steven,222687
Taylor,,Erick B. (Rick),336239
Taylor,,Janna,1454764
Taylor,,Timothy,1903748
Taylor,,Janna,2039965
Taylor,,Lance,2168144
Taylor,,Shaunna,2181110
Taylor,,Robert,2339087
Taylor,,Moe,2472548
Taylor,,Lauren,2478293
Taylor,,Ryan,2408707
Taylor,,Jessi,2328341
Taylor,,Jared,1324213
Tchvialeva,,Luda,1382285
Teguia,Mokak,Alberto,2459054
Teh,,Hung-Sia,14444
Tennant,,Paul,30064
Tenzer,,Michael,1128930
Tergiman,,Chole,1462081
Tergiman,,Chloe,1717380
Terpening,,Jon,966579
Terpstra,,Andrea,2195550
Tervit,,Tanya,2577919
Teschke,,Kay,1283839
Teslenko,,Tatiana,42322
Tesluk,,Jordan,1871340
Testa,,Carlos,299032
Tester,,Frank,14525
Tetzlaff,,Wolfram,310107
Teymouri,,Shervin,2331699
Thachuk,,Mark,42363
Thakkar,,Jonathan,2223296
Therrien,,Jeff,2175852
Thieme,,Katja,627614
Thistle,,John,639538
Thobani,,Sunera,166682
Thomas,,Brian,891627
Thomas,,Al,1082570
Thomas,,Lindsey,1384526
Thomas,,Black,2155262
Thomas,,McCormick,2213101
Thomas,,Anne,2424521
Thomas,,Williams,2405017
Thompson,,Peggy,516936
Thompson,,Malcolm,594700
Thompson,,Bruce,1123953
Thompson,,William,1552708
Thompson,,Charles,1603515
Thompson,,James,1738410
Thompson,,Evan,1907152
Thompson,,Robert,2418752
Thomson,,Robert,2433875
Thomson-Price,,Heather,356332
Thordarson,,Dana,246394
Thorne,,Sally,762334
Thorpe,,Christina,430057
Thorsten,,Rogall,2125531
Throness,,Dale,958090
Thrush,,Coll,721985
Tiberghien,,Yves,103352
Tilli,,Tiana,2682981
Timbers,,Tiffany,1537723
Timko,,Joleen,1176432
Timmerman,Lee,Joshua,2642134
Timofiiv,,Vitaliy,30824
Tindall ,,David,2084967
Ting,,Julia,1804150
Tippet,,Ben,2633246
Tipping,,Julie,2603528
Titichetrakun,,Tatchai,1789526
Tkachman,,Oksana,2506218
Tobiansky,J,Daniel,2043612
Tocco,,Fabricio,2219703
Tockman,,Jason,1814454
Todd,,Martin,1887433
Todd,,Brett,2032057
Todd,,Rebecca,1892716
Todorovic,,Neda,2318215
Togman,,Richard,2025951
Tokuriki,,Nobuhiko,2462124
Tollard,,Laure,1278016
Tomaselli,,Fernanda,2625602
Tomc,,Sandy,19565
Tomm,,Brandon,2722800
Toor,,Garsharn,748000
Toor,,Harshbir,2231003
Topley,,Conor,1386211
Torres Giese,,Enrique,945198
Tortell,,Philippe,1162567
Toub,,Omid,856940
Tougas,,François,2160829
Tovar,,Mayra ,1976657
Towers,,Neil,1547762
Townsend-Gault,,Charlotte,108023
Townsend-Gault,,Ian,206053
Tracy,,Jessica,891094
Trajano,,Heather,2202715
Traore,,Ismael,2327246
Traviss,,Karol,459645
Trebbi,,Francesco,1704978
Tregebov,,Rhea,618387
Treskatis,,Timm,2329911
Trim,,Henry David,1624061
Trippen,,Gerhard,1084928
Troeung,,Y-Dang,2471669
Troncoso,,Cristian,1334336
Troost,,William,1101978
Trosper,,Ronald,1004070
Troupe,,Lee,2201021
Trudel,,Kazuko,84166
Truong,Phung,Bao,1925718
Truong,,Grace,2238084
Trush,,Coll,2391811
Trzcinski,,Kurt,2325801
Tsai,,Tai-Peng,97656
Tsai,,Yu-Ling,1332871
Tsao,,Hsingyuan,365129
Tseng,,Michelle,2090412
Tsering,,Watermeyer,2597966
Tsiakos,,George,2202280
Tsiknis,,George,9172
Tsuda,,Asami,1703828
Tufauk,,Muhammad,2240085
Tung,,Shen-Ning,2546456
Tupper,,Allan,2155062
Turan,,Serbulent,1827679
Turgeon-Solis,,Marilyse,1663693
Turin,,Mark,2109095
Turkington,,Roy,43792
Turnbull-Caton,,Susan,1256314
Turner,,Robin,322684
Turner,,Anthony,1802184
Turner,,David,2141565
Turrell,,Brian,762293
Tworek,,Heidi,2309187
Tyndall,,Mark,1437243
Tzou,,Justin,2098401
UCHIDA,,HIROMI,2467493
Umbach,,Greg,347190
Ungerleider,,Charles,421648
Unruh,,William,474711
Unwalla,,Pheroze,2357995
Upadhyaya,,Mahesh,329700
Upfold,,Amber,1920438
Urquhart,,Carla,2620432
Usefi,,Hamid,950040
Vaahedi,,Ebrahim,1177657
Vadeboncoeur,A,Jennifer,2127572
Vadeboncoeur,,Nathan,2664596
Vakil,,Ali,1454132
Vakil,,Vli,1454133
Valesin,,Daniel,1695923
Vallarino,,Sylvia,39252
Valley,,Will,1677500
van de Panne,,Michiel,98583
van der Berg,,Servaas,2381533
Van Duzer,,Leslie,1799899
Van Enk,,Anneke,1433274
Van Heest,,Rardi,962849
Van Huizen,,Philip,1603799
van Jaarsveld,,Danielle,392885
Van Raamsdonk,,Mark,425532
Van Riemsdijk,,Tatiana,1007246
Van Waerbeke,,Ludovic,549497
van Willigenburg,,Stephanie,102113
Van Wynsberghe,,Robert,38314
VandePol,,Dirk,2155518
Vander Klok,,Jozina,2065298
Vanderlei,,Benjamin,1281761
Vaney,,Michael,55850
Vanier,,Dana,1447062
Vanwynberghe,,Rob,1454035
Varey,,Carol,606388
Varhola,,Andres,2551467
Vass,,Lorinc,2279712
Vassos,,Troy,2627505
Vatikiotis-Bateson,,Eric,288114
Vatsal,,Vinayak,441886
Vaughan,,Annabel,945471
Vaughan,,Jarrett,2177239
Vaziri,,Reza,36836
Veenstra,,Gerry,35577
Veiga,,Marcello,314439
Velin,,Ron,1600422
Vellend,,Mark,1286378
Vellutini,,Claudio,2504355
Ventura,,Carlos,43739
Ver,,May,316785
Ver,,Leah May,394534
Vercammen,,Jim,91369
Vergara-Vargas,,Erandy,2718100
Verkerk,,Willow,2562162
Verma,,Arun,1106652
Verrett,,Jonathan,2215165
Vertinsky,,Ilan,1501840
Vessey,,Mark,42575
Vickers,,Jonathan,2476793
Viega,,Marcello,2482588
Vigna,,John,2000319
Vijayaraghavan,,Rajesh,2552591
Villagomez,,Erick,1120429
Vingoe,,Mary,2091742
Virani,,Adil,2116737
Vivaldi,,Ana,2154110
Vodermaier,,Andrea,1433736
Vogl,,Wayne,27401
Vogt,,Erich,86443
Vogt,,Ryan,2165638
Vogt,,David,2305788
Voll,,Kimberly,588612
Volpov,,Beth,2155543
Von Keyserlingk,,Nina,187796
Vranic,,Ivana,2262632
Vranken,,Thomas,2657940
Vuong,,Son,45304
Waber,,Nick,2249755
Wachs,,Anthony,2343798
Wade,,Richard,2073542
Wade,,Alisa,2479564
Wade,,Bryan,120588
Wagelie,,Jennifer,1598348
Wagner,,Alan,14448
Wagner,,George,70610
Wahba,,Mohamed,1443364
Wai,,Hayne,987421
Wainer,,Rafael,1956236
Walker,,Lawrence,42736
Walker,,Kristen,2068431
Walker,J,Michael,2272580
Walkey,,Ron,70612
Wallace,,Michael,104853
Wallace,,Ben,2105617
Walls,,Patrick,2113649
Walsh,,Shannon,2560403
Walshaw,,Sarah,966782
Walter,,Pierre,2490838
Walters,,Carl,816382
Waltham,,Christopher,90694
Walus,,Konrad,899799
Wan,,Andy,1449996
Wang,,Alexander,198593
Wang,,Tan,213199
Wang,,Rui,863433
Wang,,Leslie,1521745
Wang,,Phillip,1588549
Wang,,Rachel,1618061
Wang,,Qiming,1793016
Wang,,Qian,1873675
Wang,,Rongrong,1967681
Wang,,Zhen,1972065
Wang,,Siyun,2049132
Wang,Emily,Jing,2175032
Wang,,Sunny,2418649
Wang,,Jun,2431747
Wang,,Tongli,2453401
Wang,,Yanwen,2313183
Wang,,Jessica,829956
Wang,,Yinlue,2621779
Wang,,Rizhi,70811
Wang,,Hsiang-ning,2439703
Wang,,Lele,2634782
Wang,,Zhichao,2718924
Want,,Steven,224475
Warburton,,Darren,90780
Ward,,Michael,8920
Ward,,Lawrence,1736308
Wardil,,Lucas,1894663
Warfield,,Andrew,1723013
Warren,,Mark,420997
Warrener,,Sheryda,1951253
Wasan,,Kishor,162711
Wassell,,Peter,36670
Wasserman,,Jerry,35906
Wassink,,Berend,2343573
Wasteneys,,Geoffrey,632348
Watai,,Fumiko,125753
Waterman,,Stephanie,2468652
Watson,,Gillian,22708
Watson,,Michelle,1745026
Watson,,Ryan,2023707
Watson,,Andrea,2568488
Watt,,Deborah,1435660
Watts,,Sue,1253755
Weary,,Dan,630044
Weatherby,,Maria,30779
Weatherhead,,Drew,2439103
Weaver,,Sydney,1559738
Weaver,,Patricia,1695629
Weaver,,Michael,2340525
Wedman,,Neil,239229
Weekes,,Alex,2521768
Wegner ,,Diana,1972523
Wehr,,Paul,1036513
Wei,,Xiao Xi,1308755
Wei,,Jun-Cheng,1923418
Wei,,Sun,2048162
Weiler,,Joe,295292
Weinberg,,Mark,1407361
Weir,Lorraine,Mary,2280464
Weir,,Lorraine,57380
Weis,,Dominique,816777
Weiss,,Peter,1396872
Weiss,,Max,1741166
Welch,,Joseph,2409725
Welch,,William,339057
Welker,,James,1558179
Wells,,Veronica,2662605
Welsby,,Victoria,2210619
Welsh,,Ashley,2190552
Werker,,Janet,30145
Werker,,Gregory,1998208
West,,Christopher,2046688
West,,Kim,2310083
Westlake,,Daniel,1908215
Weston,,Darlene,1498468
Wetton,,Brian,24818
Wetzel,,Jake,2635306
Wexler,,Steve,27645
Whaley,,Ben,2071382
Wheeler,,Michael,1815462
Whistler,,Diana,45868
White,,James,231238
White,,Shaun,1453563
White,,Kate,1770256
Whitehead,,Ryan,1466535
Whitehead,,Cameron,1591565
Whitlock,,Michael,127897
Whitt,,Clayton,2351842
Whitton,,Jeanette,164661
Whitwell,,Robert,2177815
Whyte,,Jeffrey,2456443
Wickenden,,Jay,1640764
Wiebe,,Carl,1920601
Wiebe,,Brandy,1147327
Wiedemann,,Emil,1748498
Wielage,,Kerstin,791398
Wieland,,Gernot,127562
Wijewickreme,,Dharma,13815
Wijewickreme,,Dharmapriya,2385174
Wild,,Nettie,1730003
Wilkes,,Rima,195923
Wilkinson,,David,1145842
Willard,,Aiyana,2004965
William,,Aiello,1746579
Williams,,Caroline,111169
Williams,,Hector,224470
Williams,,Arden,2174921
Williams,,Ian,2215901
Williams,,Erin,2660318
Williams,,Ben,1835982
Williams,,Warren,317466
Williams,,Jennifer,2113575
Williamson,,Amie,2671271
Williamson,,Elaine,2542571
Willoughby,,Mark,1524476
Wilson,,Brian,338481
Wilson,,Ward,357855
Wilson,,Roger,1132514
Wilson,,Wendy,1185697
Wilson,,Bronwen,1194122
Wilson,,Rachel,2623220
Wilson,Marie,Catherine,2164594
Wilson,,Gavin,2706812
Wilton,,Steve,52495
Wiltschko,,Martina,225478
Winder,,William,330860
Windsor- Liscombe,,Rhodri,963653
Windsor-Liscombe,,Rhodri,865585
Winkelman,,Paul,2699899
Winstanley,,Catharine,888418
Winston,,Carla,2159865
Winter,,Ralph,94335
Winters,,Jason,344026
Winthrop-Young,,Geoffrey,41218
Wise,,Jonathan,1313028
Wiseman,,Loren K.,356513
Wiseman,,Kelleen,1879997
Withers,,Steve,41726
Wlodarczyk,,Kyle,2621777
Wodzynski,,Lukasz,1972378
Wohlstadter,,Eric,805958
Wojtowicz,,Jerzy,70614
Wolf,,Michael,79281
Wolf,,Amie,2231965
Wolfman,,Steve,466911
Wolfson,,Larry,85018
Wong,,Thomas,1546559
Wong,,Daniel,1569257
Wong,T,Conan,1889402
Wong,,Jackie,2078546
Wong,,Danielle,2440773
Wong,,Kevin,2666377
Wong,,Matthew,2591706
Wong,,Jessica,2334118
Wong,,Sabrina,2685109
Wong,,Vincent,350834
Wong,,Donald,2721584
Wong,,Richard,2621356
Woo,,Carson,41243
Wood,,Paul,43791
Wood,,William,87014
Wood,,John,91199
Wood,,Stepan,2662894
Wood,,Frank,2462245
Woodell,,Daniel,1840625
Woodham,,Bob,12472
Woodman,,Sophia,1728600
Woods,,John,536417
Woods,,Derek,2673321
Woody,,Sheila,54409
Worling,,David,2104749
Worrall,,John,501860
Wosk,,Larry,96347
Wray,,William,35898
Wright,,Claire,42663
Wright,,Handel,1407708
Wright,,Matthew,2620249
Wruck,,Karen,2673774
Wrzesniewski,,Piotr,790672
Wu,,Xinxin,321952
Wu,,Nina,2599139
WU,,Chunhua,1771166
Wu,,Pauline,2645342
Wu,,Lang,59144
Wu,,Sang,2430981
Wu,,Peifan,2719857
Wufka,,Michael,2012110
Wylie,,Alison,2476488
Wyly,,Elvin,144307
Wyndham,,Felice,510541
Wynn,,Graeme,28785
Wyntjes,,Barbara,1305876
Wytenbroek,,Lydia,2647093
Xia,,Wei,59536
Xia,,Guangrui,2618248
Xia,,Jane,2675203
Xiao,,Suki,2698295
Xiao,,Bo Robert,2550203
Xiaoxing-Cui,,Anja,2591889
Xiong,,Gu,62412
Xu,,Zhaoming,415139
Xu,,Steve "Pai",1005485
Xu,,Yiwen,2328122
Xu,,Emma,2332220
Xu,,Xiaowen,2317687
Yadav,,Vikramaditya,2231888
Yan,,Miu Chung,767402
Yan,,Joseph,347178
Yana,,Nec,1590321
Yang,,Joan,95665
Yang,,Gavin,1418674
Yang,,Tony,1539241
Yang,,Bicheng,2279776
Yang,,Renren,2636267
Yao,,Jiaqii,2672591
Yapa,,Gaitri,1728735
Yaylaci,,Sule,2453648
Yazigi,,Maya,321342
Ye,,Hexi,2043859
Ye,,Ziliang,2650366
Yeager,,Elise,2237238
Yeager,,Elyse,2095352
Yedid Levi,,Yaniv,1516562
Yedid-Levi,,Yaniv,1501743
Yedlin,,Matthew,94256
Yee,,Douglas,401378
Yeo,,SuJan,2556265
Yeung,,Paul,1994865
Yeung,,Ira,2052075
YI,,Christina,1873378
Yilankaya,,Okan,58728
Yilmaz,,Ozgur,542606
Yip,,Calvin,1999932
Yodanis,,Carrie,222010
Yoichiro,,Mori,929273
Yonemitsu,,Noboru,43741
Yonemoto,,Kazuhiro,1786505
Yoo,,Philip,2716598
Yoon,,Florence,1606091
Yoon,,Dongwook,2408031
Yoshimizu,,Ayaka,2704846
Yoslim,,Jeffry,1178375
Young,,Jessica,574425
Young,,Louise,1066663
Young,,Margot,128396
Young,,Robin,1599638
Yu,,Feng,44570
Yu,,Yan,455566
Yu,,Henry,311482
Yu,,Lingtao,2683404
Yu,,Hoi Yin (Eugenia),206192
Yui,,Kousaku,2381535
Yuill,,Gary,1687897
Yurasovskaya,,Katya,494292
Yurasovskaya,,Ekaterina,694827
Zaenker,,Karl,60719
Zahl,,Joshua,2296437
Zaide,,Dan,1819962
Zakiuddin,,Almas,1775529
Zamar,,Ruben,26388
Zampieri,,Elena,2572989
Zand,,Arian,2567190
Zandbergen,,Paul,1785169
Zanganeh,,Hamid,1524406
Zappa-Hollman,,Sandra,2482259
Zare,,Marjan,2458327
Zarnicki,,Olga,2679004
Zawistowski,,Jerzy,1899780
Zeigler,,Barbara,302680
Zeigler,,Barbara,1962539
Zeiler,,Kathryn,1927620
Zeitlin,,Michael,36664
Zendrowski,,Dana,198592
Zeng,,Lulu,2109782
Zerriffi,,Hisham,1906510
Zhang,,Anming,96356
Zhang,,Li,1395356
Zhang,,Haomiao,2229704
Zhang,,Ming,2584434
Zhang,,Gaoheng,2681923
Zhang,,Yuelin,1789811
Zhang,,Hao,2152476
Zhao,,Jiaying,1895420
Zhao,,Mingfeng,1998415
Zhao,,Wanying,2007566
Zhao,,Jackie,2574458
Zhen,,Zhining,1617793
Zheng,,Zhining,53511
Zheng,,Ming Fang,321951
Zheng,,Lu Lin,1562517
Zheng,,Bin,2331875
Zheng,,Xin,2280066
Zhitnitsky,,Ariel,129704
Zhou,,Yang-Yang,2549775
Zhou,,Fei,507322
Zhu,,Juliet,1147660
Zhu,,Kejia,1334767
Zhu,,Yanqiao,1509339
Zhu,,Ting,1773587
Zhu,,Jielin,1836562
Zibin,,Jim,1302100
Zibrowius,,Claudius,2516459
Zielnicki,,David,2477792
Ziels,,Ryan,2588779
Zimmerman,,Naomi,2473987
Zmurchok,,Cole,2174771
Zolfi,,Mozhgan,1878479
Zou,,Ke,2566158
Zrill,,Lanny,1700006
Zuberi,,Dan,644200
Zumbo,,Bruno,28704
Zuo,,Mila,2595934
Zwiers,,Ian,1704160
Zysk,,Eva,2402703
